Date,AvgTone,GoldsteinScale,NumEvents
2019-01-01,-1.8014567736970737,14.024205748865356,661
2019-01-02,-1.6544768403003043,10.428436018957346,1055
2019-01-03,-1.7095800966661638,13.530268199233717,1305
2019-01-04,-1.6201268082375841,13.30144694533762,1244
2019-01-05,-1.8126555091257144,12.482993197278912,735
2019-01-06,-1.8488589628913001,13.563049853372434,682
2019-01-07,-1.7205709192388017,12.00868809730669,1151
2019-01-08,-1.805277709019793,15.162324649298597,1497
2019-01-09,-1.7315467607107151,14.89538661468486,1539
2019-01-10,-1.6664035952692624,15.003170577045022,1577
2019-01-11,-1.7604362310059842,12.13135593220339,1652
2019-01-12,-1.712749825207496,11.313653136531366,1084
2019-01-13,0.0,0.0,0
2019-01-14,-1.629460166828536,15.987444608567209,1354
2019-01-15,-1.6821394216445524,12.562539283469516,1591
2019-01-16,-1.4343070975856167,16.62551928783383,1685
2019-01-17,-1.567312022803614,13.172457359444094,1583
2019-01-18,-1.571183694662911,10.389195825659915,1629
2019-01-19,-1.473816935266299,13.086723768736617,934
2019-01-20,-1.489725450063878,13.779326364692219,861
2019-01-21,-1.6070530831462682,13.145985401459853,1233
2019-01-22,-1.6437367878993745,14.559539918809202,1478
2019-01-23,-1.6051006241772692,17.405847953216373,1710
2019-01-24,-1.8092975063321355,15.976703552708212,1717
2019-01-25,-1.7817299294204187,13.288228155339805,1648
2019-01-26,-1.5319107375573413,15.788328387734916,1011
2019-01-27,-1.5128600305551148,12.328519855595667,831
2019-01-28,-1.6745607322323595,13.66823056300268,1492
2019-01-29,0.0,0.0,0
2019-01-30,-1.5311957724545155,15.28350208457415,1679
2019-01-31,-1.8527486520282317,12.322087842138766,1571
2019-02-01,-1.4529417004441239,12.643229166666666,1536
2019-02-02,-2.027938339601857,14.140068886337543,871
2019-02-03,-1.65485729997686,9.927207637231504,838
2019-02-04,-1.5094530533162898,14.274362818590705,1334
2019-02-05,-1.683189832745357,12.608584240871236,1561
2019-02-06,-1.8426402496314667,16.823562570462233,1774
2019-02-07,-1.7595035253292663,14.076487252124647,1765
2019-02-08,-1.6990406485406908,15.13341968911917,1544
2019-02-09,-1.6318876669756253,15.457899716177861,1057
2019-02-10,-1.3949225167136123,12.42713004484305,892
2019-02-11,-1.2940082110955633,15.164040114613181,1396
2019-02-12,-1.8306778307779525,16.62884834663626,1754
2019-02-13,-1.7254836070900301,13.596235579842137,1647
2019-02-14,-1.7190839855514963,15.480862533692722,1855
2019-02-15,-1.7278108393947393,17.420215786484953,1761
2019-02-16,-2.0238957175571577,16.57377049180328,1159
2019-02-17,-1.6595438341095103,10.86923076923077,780
2019-02-18,-2.0466661181204944,15.757379409647228,1389
2019-02-19,-1.6273465942468377,15.405232929164008,1567
2019-02-20,-1.7616865926295604,15.741379310344827,1856
2019-02-21,-1.8495666251292402,13.751284686536485,1946
2019-02-22,-1.774372159023791,11.991685144124169,1804
2019-02-23,-1.4571699958676518,13.901840490797547,1304
2019-02-24,-1.5481519090083635,14.328498293515358,1172
2019-02-25,-1.5629683371844554,13.6229216152019,1684
2019-02-26,-1.8260972699549642,14.734391534391534,1890
2019-02-27,-1.5970264308339273,16.140461215932913,1908
2019-02-28,-1.9196381043732265,11.487107623318385,1784
2019-03-01,-1.6338969257993352,12.79371921182266,1624
2019-03-02,-1.5961663094698997,14.187175043327557,1154
2019-03-03,-1.7473497966213472,12.445736434108527,1032
2019-03-04,-1.6156542694603853,14.020242914979757,1482
2019-03-05,-1.4343348164963985,14.715105162523901,1569
2019-03-06,-1.4244790667012979,11.34115523465704,1662
2019-03-07,-1.607091819571092,12.620525059665871,1676
2019-03-08,-1.878339903323363,13.936830231246475,1773
2019-03-09,-1.917957104196375,16.14006791171477,1178
2019-03-10,-1.2194988177908688,14.914851485148516,1010
2019-03-11,-1.3808848247993217,10.07016348773842,1468
2019-03-12,-1.412059487728219,16.230352303523034,1845
2019-03-13,-1.8209727527896105,12.270505160239,1841
2019-03-14,-1.7622200716436018,13.860426929392446,1827
2019-03-15,-2.039981557104796,19.23803363518758,1546
2019-03-16,-2.1272630547140765,16.308182784272052,941
2019-03-17,-1.6816814056738354,17.90268456375839,894
2019-03-18,-2.118153280166569,15.339731285988483,1563
2019-03-19,-1.8523215332574166,14.500279485746226,1789
2019-03-20,-1.8035125211674758,13.441160066926939,1793
2019-03-21,-1.723461385773817,16.31505179768434,1641
2019-03-22,-1.5935545543657912,15.792403405370006,1527
2019-03-23,-1.8123468207180464,14.339882121807465,1018
2019-03-24,-1.5711637826667013,17.4,1010
2019-03-25,-1.3351429662561367,21.987813134732566,1477
2019-03-26,-1.5835856164871673,12.13633834168058,1797
2019-03-27,-1.686611902351894,17.592303692147684,1923
2019-03-28,-1.6681220072161427,12.780024509803921,1632
2019-03-29,-1.7548972506850158,13.711467324290998,1622
2019-03-30,-1.7021346746984753,14.164125560538116,1115
2019-03-31,-1.32272032282822,20.646843549862762,1093
2019-04-01,-1.3907432875571775,14.640973630831644,1479
2019-04-02,-1.7091071278703192,12.634103019538188,1689
2019-04-03,-1.5353036805136997,12.129741616272677,1819
2019-04-04,-1.693137294956288,13.68371546149324,1701
2019-04-05,-1.6637699589006114,17.248203788373612,1531
2019-04-06,-1.6142300809635977,12.511608623548922,1206
2019-04-07,-1.8449728814238984,13.533970276008493,942
2019-04-08,-1.6821605042986596,15.205601092896174,1464
2019-04-09,-1.6946872500375314,15.578446909667194,1893
2019-04-10,-1.4769661288832845,16.20124481327801,1928
2019-04-11,-1.8596224283454674,14.804230201672405,2033
2019-04-12,-2.1330806666887003,15.524403470715836,1844
2019-04-13,-1.9599306935282992,14.72914798206278,1115
2019-04-14,-1.3844868619448736,19.7890625,896
2019-04-15,-1.47343419041954,14.712041884816754,1528
2019-04-16,-1.3995844685034275,19.21794871794872,1794
2019-04-17,-1.5196747199570522,13.336180904522614,1990
2019-04-18,-1.806269031797659,21.50615212527964,1788
2019-04-19,-1.5813863376146804,11.003566333808845,1402
2019-04-20,-1.5399678509623398,21.054808686659772,967
2019-04-21,-1.3596663394840907,17.590455049944506,901
2019-04-22,-1.6526906027723087,15.236006051437217,1322
2019-04-23,-1.6302022052614518,12.767922235722965,1646
2019-04-24,-1.7091479780357588,15.40487514863258,1682
2019-04-25,-1.6259002617555696,17.06077694235589,1596
2019-04-26,-1.5974130339665114,14.959381044487428,1551
2019-04-27,-1.6195733703260597,13.566392479435958,851
2019-04-28,-1.5521617872523743,21.117983963344788,873
2019-04-29,-1.6065538631482257,15.652173913043478,1541
2019-04-30,-1.5066102979687548,14.928788800973829,1643
2019-05-01,-1.4964679176016316,14.951990632318502,1708
2019-05-02,-1.8004940116850794,16.528798683488755,1823
2019-05-03,-1.57005475339609,15.566787003610107,1385
2019-05-04,-1.5289546879073403,16.113317757009344,856
2019-05-05,-1.2174862980068286,15.353571428571428,840
2019-05-06,-1.2909387850848246,12.259424920127795,1565
2019-05-07,-1.1561876224994743,11.680691642651297,1735
2019-05-08,-1.5381524805871336,14.80822596630327,2018
2019-05-09,-1.5403506730072947,14.388304093567251,1710
2019-05-10,-1.5296501307352846,13.64526588845655,1542
2019-05-11,-1.3440419654895515,11.007223942208462,969
2019-05-12,0.0,0.0,0
2019-05-13,-1.588391252865478,13.742727860374918,1547
2019-05-14,-1.6253150828468417,16.5409429280397,1612
2019-05-15,-1.710929900256914,20.56858407079646,1808
2019-05-16,-1.8036158700056115,17.043082524271846,1648
2019-05-17,-1.80209794670064,11.6483238456673,1581
2019-05-18,-1.9970057903278275,13.385253456221198,1085
2019-05-19,-1.7396154193759257,12.087790110998991,991
2019-05-20,-1.2233292346616627,11.937774524158126,1366
2019-05-21,-1.2908311245381616,15.402180149168101,1743
2019-05-22,-1.570334866174968,15.062534587714444,1807
2019-05-23,-1.536789165021049,16.51981707317073,1968
2019-05-24,-1.9034389113031869,13.29137529137529,1716
2019-05-25,-1.4326188461286726,15.637426900584796,1026
2019-05-26,-0.9314597086311469,21.89830508474576,1239
2019-05-27,-1.0962888847022636,12.59023539668701,1147
2019-05-28,-1.3778811502554833,12.211747643219724,1379
2019-05-29,-1.5420899849928547,15.148681055155876,1668
2019-05-30,-1.4898929681181656,17.458823529411763,1530
2019-05-31,-1.9329557715375614,13.829584185412406,1467
2019-06-01,-1.7448533018934878,20.984583761562178,973
2019-06-02,-1.4236870164230597,17.471751412429377,708
2019-06-03,-1.5813223407034698,16.38235294117647,1292
2019-06-04,-1.9149999848589778,14.190579710144927,1380
2019-06-05,-1.9268389351245758,14.364505119453925,1465
2019-06-06,-1.807115606172336,12.315086782376502,1498
2019-06-07,-1.8584274646920262,13.871495327102803,1284
2019-06-08,-1.9467171385960094,16.780207134637514,869
2019-06-09,-1.5077111891414612,16.12286689419795,879
2019-06-10,-1.2531062059852816,12.867788461538462,1248
2019-06-11,-1.6915874175450734,17.14051094890511,1644
2019-06-12,-1.4401569236380196,15.354743665291691,1697
2019-06-13,-1.8506020665650396,13.077117572692794,1582
2019-06-14,0.0,0.0,0
2019-06-15,-1.810789750864904,13.28992628992629,814
2019-06-16,-1.699040788764045,17.777490297542045,773
2019-06-17,-1.678259810686909,12.564912280701755,1425
2019-06-18,-1.6357872249924637,14.843731431966726,1683
2019-06-19,0.0,0.0,0
2019-06-20,-1.715678500402271,12.784057108863772,1681
2019-06-21,-2.012982743758808,12.784438775510203,1568
2019-06-22,-1.9717711496489003,16.674736842105265,950
2019-06-23,-1.9459357225241072,16.733954451345756,966
2019-06-24,-1.7977341734025876,13.024563671622495,1547
2019-06-25,-1.7969352269131307,13.259353202282815,1577
2019-06-26,-1.9599159203206664,10.983699059561129,1595
2019-06-27,-1.7103511896484174,15.328581126951798,1473
2019-06-28,-1.814387679883039,11.509904153354633,1565
2019-06-29,-1.7176604465031382,13.350737797956867,881
2019-06-30,-1.504970913850762,12.259452411994785,767
2019-07-01,-1.6476008422890824,11.701492537313433,1340
2019-07-02,-1.9500808443851247,16.65379403794038,1476
2019-07-03,-1.814401610184634,13.174242424242424,1452
2019-07-04,-1.9418494829268615,13.355458515283843,1145
2019-07-05,-1.7559024047682765,11.712774613506916,1229
2019-07-06,-2.0105261187617556,10.094086021505376,744
2019-07-07,-1.8755425937016865,19.39930151338766,859
2019-07-08,-1.8301257334890628,11.557634730538922,1336
2019-07-09,-1.5694657395701284,16.179759377211607,1413
2019-07-10,-1.8477010479570055,14.827298050139277,1436
2019-07-11,-1.8688933727978525,17.54306864064603,1486
2019-07-12,-2.004800801869152,13.274885145482388,1306
2019-07-13,-2.082129795192836,10.503052503052503,819
2019-07-14,-2.1981757027926068,11.01139601139601,702
2019-07-15,-1.5928644099569618,22.53296193129062,1077
2019-07-16,-2.1381686156256117,16.455081967213115,1525
2019-07-17,-1.906680181972436,11.710280373831775,1498
2019-07-18,-1.8742203540059743,11.512925170068026,1470
2019-07-19,-2.1149954603068757,16.208160442600278,1446
2019-07-20,-2.3532015157954835,21.841059602649008,906
2019-07-21,-1.96397974870746,18.551925320886813,857
2019-07-22,-1.6297514343468393,11.356626506024096,1245
2019-07-23,-1.82403642937201,12.614525139664805,1432
2019-07-24,-1.5386285177603867,15.57901159243441,1639
2019-07-25,-1.8357197031406784,12.547735191637631,1435
2019-07-26,-1.555065602541293,13.295681063122924,1204
2019-07-27,-1.687561936984619,13.49932157394844,737
2019-07-28,-1.8336930443072872,10.552367288378766,697
2019-07-29,-1.6379062921272123,12.993690851735016,1268
2019-07-30,-1.601323775256007,12.812227074235809,1374
2019-07-31,-1.5749539488751156,13.026315789473685,1406
2019-08-01,-1.5582206624614847,12.393013100436681,1374
2019-08-02,-1.9158353035299835,13.123338257016249,1354
2019-08-03,-1.8395298695390392,13.498724489795919,784
2019-08-04,-2.400725732737578,12.811001410437235,709
2019-08-05,-2.541919002755459,19.49695916594266,1151
2019-08-06,-2.0315454508481685,14.630813953488373,1376
2019-08-07,-2.1321750802793176,11.789293067947838,1457
2019-08-08,-1.9697350851150903,13.695652173913043,1495
2019-08-09,-2.1748939856991365,19.926193921852388,1382
2019-08-10,-2.4808529441169367,23.380090497737555,884
2019-08-11,-1.9275301634859578,13.281385281385282,693
2019-08-12,-1.6703435217160623,9.787750791974657,947
2019-08-13,-1.9888591698254714,19.763440860215052,1209
2019-08-14,-1.982457614271605,15.245461147421931,1377
2019-08-15,-1.658405454694201,14.49334267694464,1427
2019-08-16,-1.9175489444812845,10.760835913312693,1292
2019-08-17,-1.9943964641413077,13.588719153936545,851
2019-08-18,-1.9409506883542422,14.262678803641093,769
2019-08-19,-1.7625604607553131,13.004834810636583,1241
2019-08-20,-1.8419909056412367,14.588100686498857,1311
2019-08-21,-1.6029496354751445,18.066898954703834,1435
2019-08-22,-1.7434574229591326,12.945327399872854,1573
2019-08-23,-1.8435482258383014,11.497005988023952,1336
2019-08-24,-1.8194576559882902,15.547945205479452,803
2019-08-25,-1.509773277878744,16.467105263157894,760
2019-08-26,-1.4229281960915074,12.379674796747967,1230
2019-08-27,-1.4768171624152173,12.241040056219255,1423
2019-08-28,-1.785504823838311,13.13421926910299,1505
2019-08-29,-1.6295332830146896,16.045132172791746,1551
2019-08-30,-1.780143069503545,12.582417582417582,1274
2019-08-31,-2.3785167873932846,14.230113636363637,704
2019-09-01,-1.8038272954413088,9.170731707317072,656
2019-09-02,-1.7241575017778925,19.53,1100
2019-09-03,-1.7698707711905122,15.52235628105039,1409
2019-09-04,-1.9248825778144245,14.9750346740638,1442
2019-09-05,-1.4901042621699814,16.039881831610046,1354
2019-09-06,-1.7644002388227025,14.476592478894858,1303
2019-09-07,-1.502599150599443,14.296244784422809,719
2019-09-08,-1.4956768019107605,9.752351097178684,638
2019-09-09,-1.4794642188515474,13.942028985507246,1242
2019-09-10,-1.610819305206792,12.54970375246873,1519
2019-09-11,-1.832214350688824,14.487833140208576,1726
2019-09-12,-1.7808120687365585,12.274361948955917,1724
2019-09-13,-1.823312787056688,12.044619422572179,1524
2019-09-14,-1.8282839100129937,13.893617021276595,846
2019-09-15,-1.9032216190750573,13.36192714453584,851
2019-09-16,-2.0299616522703405,13.136834830684174,1447
2019-09-17,-1.8695697858812583,21.2684238838085,1859
2019-09-18,-1.436533245054292,16.387377584330796,1838
2019-09-19,-1.7132942584806092,15.110535405872193,1737
2019-09-20,-1.814849107477029,12.10968660968661,1404
2019-09-21,-1.9332693963654486,11.785430463576159,755
2019-09-22,-1.2890457544669005,12.802521008403362,714
2019-09-23,0.0,0.0,0
2019-09-24,-2.019077630932473,14.554473524041388,1643
2019-09-25,-1.729613542739391,11.09526938239159,1522
2019-09-26,-1.7129299999509973,12.910406616126808,1451
2019-09-27,-1.9673263127461946,13.012186865267434,1477
2019-09-28,-2.41549922186938,14.27834008097166,988
2019-09-29,-1.9701129571087233,12.482758620689655,783
2019-09-30,-2.159527535700738,11.690799396681749,1326
2019-10-01,-1.9340201122095597,12.10126582278481,1422
2019-10-02,-1.7639312249477708,12.620558375634518,1576
2019-10-03,-1.554936289288919,17.508088675853806,1669
2019-10-04,-1.7889217747827177,14.633399866932802,1503
2019-10-05,0.0,0.0,0
2019-10-06,-1.461078845953394,11.667114093959732,745
2019-10-07,-1.8491926941406762,12.670487106017193,1396
2019-10-08,-1.9980829892994365,13.282745591939547,1588
2019-10-09,-2.0366872229733155,12.796713329275715,1643
2019-10-10,-1.935448128920529,15.112053301029679,1651
2019-10-11,-2.2478887032403643,16.62018348623853,1635
2019-10-12,-1.9538765039914516,15.88829215896885,931
2019-10-13,-1.9424772864414743,15.782231852654387,923
2019-10-14,-2.133013876236636,16.659515570934257,1445
2019-10-15,-1.9407637145238326,18.763831052944674,1681
2019-10-16,0.0,0.0,0
2019-10-17,-1.6520683037641142,13.35975975975976,1665
2019-10-18,-1.7835974898470162,9.833764553686933,1546
2019-10-19,-1.9448376729095465,14.580645161290322,1023
2019-10-20,0.0,0.0,0
2019-10-21,-1.2868561656232238,14.290929203539823,1808
2019-10-22,-1.3346793549123448,13.538668098818475,1862
2019-10-23,-1.6480567952950995,18.88081395348837,1720
2019-10-24,-1.51646579017204,11.959718670076727,1564
2019-10-25,-1.5074513767875948,12.004243281471004,1414
2019-10-26,-1.393758261127472,12.791991101223582,899
2019-10-27,-1.9488451816160934,13.628088426527958,769
2019-10-28,-1.2863748068549166,12.737631184407796,1334
2019-10-29,-1.2624191128706101,14.509933774834437,1510
2019-10-30,-1.6748434102485021,12.877734877734877,1554
2019-10-31,-1.7004420642718168,14.35756002595717,1541
2019-11-01,-1.7257401487736461,12.752460257380772,1321
2019-11-02,-1.5132098798237517,14.052164261931187,901
2019-11-03,-1.415960985149033,11.969191270860078,779
2019-11-04,-1.254222321303931,12.518156424581006,1432
2019-11-05,-1.298368571574915,13.406754772393539,2043
2019-11-06,-1.2348838430343838,13.23157894736842,2090
2019-11-07,-1.3187407151494859,11.941276115189158,1771
2019-11-08,-1.5412636323297764,14.980106100795757,1508
2019-11-09,-1.4950818471350376,15.133022170361727,857
2019-11-10,-1.5209034432052613,18.25062344139651,802
2019-11-11,-1.3877850406332017,14.044392523364486,1284
2019-11-12,-1.4184795884635113,13.828394210889043,1451
2019-11-13,-1.5466853459306136,13.855151515151515,1650
2019-11-14,-1.7060841813280863,15.956989247311828,1581
2019-11-15,-1.8423249634475767,13.969119579500656,1522
2019-11-16,-1.9390249981546035,18.047356828193834,908
2019-11-17,-1.847000227811887,12.732004429678849,903
2019-11-18,-1.4730004016516978,11.20347394540943,1209
2019-11-19,-1.711624052335281,14.14530456852792,1576
2019-11-20,-1.5852755927454503,16.106017191977077,1745
2019-11-21,-1.8130907531467628,14.94176581089543,1597
2019-11-22,-1.9835615657818206,12.835964310226492,1457
2019-11-23,-2.1325896112843736,12.664935064935065,770
2019-11-24,-1.7474984586848266,22.917843388960204,779
2019-11-25,-1.5566887400260248,18.511363636363637,1320
2019-11-26,-1.8181865683134646,12.713976945244957,1388
2019-11-27,-1.9173453855210092,14.869014084507043,1420
2019-11-28,-1.7367767597035861,11.933214603739982,1123
2019-11-29,-1.8269181446478608,12.018800358102059,1117
2019-11-30,-2.1673510472932507,10.363777089783282,646
2019-12-01,-1.8967685391249949,12.919590643274853,684
2019-12-02,-1.7181019701643012,11.32472939217319,1201
2019-12-03,-1.4857344089909803,14.40325865580448,1473
2019-12-04,-1.6349100040502877,11.846540880503145,1590
2019-12-05,-1.8792233682084822,12.798498122653317,1598
2019-12-06,0.0,0.0,0
2019-12-07,-2.2208744283056574,15.230255839822025,899
2019-12-08,-1.510371744737791,16.28083209509658,673
2019-12-09,-1.2717313178067198,13.367585630743525,1197
2019-12-10,-1.7362093240697,16.69440914866582,1574
2019-12-11,-1.941611305911258,16.94142259414226,1673
2019-12-12,-1.6911953192481193,19.744565217391305,1840
2019-12-13,-1.7306701827247444,13.601747815230961,1602
2019-12-14,-1.8769994173136269,20.929848693259974,727
2019-12-15,-1.9326666241095367,8.767475035663338,701
2019-12-16,-1.6890400259195164,13.82495511669659,1114
2019-12-17,-2.187415268971941,13.046449900464498,1507
2019-12-18,-2.2310633730806795,13.091254752851711,1578
2019-12-19,-2.221528377139326,11.530714285714286,1400
2019-12-20,-2.0514734180210623,17.724806201550386,1290
2019-12-21,-2.0551327894559748,19.068376068376068,819
2019-12-22,-1.5283847144989022,8.211981566820276,651
2019-12-23,-1.746019515165132,10.68199233716475,1044
2019-12-24,-1.6721689957451422,11.748768472906404,812
2019-12-25,-1.5478125227243489,9.838834951456311,515
2019-12-26,-2.098910242329157,11.028930817610062,795
2019-12-27,-1.7976237908833246,10.341743119266056,872
2019-12-28,-2.178097627595345,12.927586206896551,580
2019-12-29,-1.8878831411607946,10.252016129032258,496
2019-12-30,-2.059909838039718,15.310033821871476,887
2019-12-31,-2.0874869524400226,19.933333333333334,930
2020-01-01,-2.422021506406562,21.176923076923078,650
2020-01-02,0.0,0.0,0
2020-01-03,-2.6042426816325714,16.723776223776223,1144
2020-01-04,-2.439144998642878,18.45952380952381,840
2020-01-05,-2.3445750826740417,10.608028335301062,847
2020-01-06,-2.395954381076393,16.05399061032864,1278
2020-01-07,0.0,0.0,0
2020-01-08,-2.537300176700735,16.76421188630491,1548
2020-01-09,-2.283864205424119,16.905801621958826,1603
2020-01-10,-2.4168687583650286,18.44064245810056,1432
2020-01-11,-2.272003765791221,15.85533262935586,947
2020-01-12,-1.7761219211616728,16.788605697151425,667
2020-01-13,-1.8107236492598566,12.357199055861527,1271
2020-01-14,-1.8285639087555525,13.948019801980198,1616
2020-01-15,-2.061127088004128,20.834278512917454,1587
2020-01-16,-1.726187293828797,19.298257372654156,1492
2020-01-17,-1.52422105265227,13.378661087866108,1434
2020-01-18,-1.5852246746052172,11.498335183129855,901
2020-01-19,-1.697170666083943,11.760509554140127,785
2020-01-20,-1.7315058624394275,13.138775510204082,1225
2020-01-21,-1.8685578769960225,12.118008185538882,1466
2020-01-22,-1.790018596887729,16.12393681652491,1646
2020-01-23,-2.100890594647963,15.989613387189845,1733
2020-01-24,-1.8473561505028373,15.040050858232677,1573
2020-01-25,-1.832092882021958,13.77022977022977,1001
2020-01-26,-1.651750161484595,9.584734799482536,773
2020-01-27,-1.7532642182793778,12.483320403413499,1289
2020-01-28,0.0,0.0,0
2020-01-29,-1.7794487353382133,13.276044732195409,1699
2020-01-30,-1.8746170206587596,13.070675759454433,1613
2020-01-31,-1.8545007577484258,16.726256983240223,1611
2020-02-01,-1.8864223537135323,14.32897384305835,994
2020-02-02,-1.8976725798857779,15.171690694626474,763
2020-02-03,-1.703552404909451,13.631216526396328,1307
2020-02-04,-1.5245882664256278,12.105119453924914,1465
2020-02-05,-1.7233112842307323,12.217168481742473,1561
2020-02-06,-1.8694978526698072,13.714821763602252,1599
2020-02-07,-1.6613129905577992,16.09353507565337,1454
2020-02-08,-1.6117829688529268,21.36048879837067,982
2020-02-09,-1.5677052417397868,9.425754060324826,862
2020-02-10,-1.5455251036766215,15.064836003051106,1311
2020-02-11,-1.2571730384543658,22.540583554376656,1885
2020-02-12,-1.0945784481896639,17.289238845144357,1905
2020-02-13,-1.4431310975295537,13.771303258145364,1596
2020-02-14,-1.523270201353444,11.51483870967742,1550
2020-02-15,-1.8099534941000088,10.94990366088632,1038
2020-02-16,-1.5189683104923102,16.66818700114025,877
2020-02-17,-1.548235734494557,11.509963099630996,1355
2020-02-18,-1.580535935297224,14.087833827893174,1685
2020-02-19,0.0,0.0,0
2020-02-20,-1.878074581360546,11.8,1695
2020-02-21,-1.5928488545208552,11.262106537530267,1652
2020-02-22,-1.682423647160667,15.385531135531135,1092
2020-02-23,-0.9737063581316672,19.888646288209607,916
2020-02-24,-1.7931395019403265,12.681045751633986,1530
2020-02-25,-1.9520884674658525,12.428074245939674,1724
2020-02-26,-1.7327979701507268,13.524562394127612,1771
2020-02-27,-1.721618303078824,11.929851510496672,1953
2020-02-28,-1.529437596833109,13.120164126611957,1706
2020-02-29,-1.7452710823096174,13.030757097791797,1268
2020-03-01,-1.3256575835357838,14.46116504854369,1236
2020-03-02,-1.1417834475155324,18.1049547149707,1877
2020-03-03,-0.8516131270995706,16.094055944055945,2860
2020-03-04,-0.5662718951034488,18.417090216010166,3148
2020-03-05,-1.6486345940681812,12.757816377171215,2015
2020-03-06,-1.7565093792336626,10.80272952853598,1612
2020-03-07,-1.4692380439827313,12.584710743801653,968
2020-03-08,-1.4655303071220491,9.863169897377423,877
2020-03-09,-1.7477770633126606,13.348591549295774,1420
2020-03-10,-1.4488124781695013,12.457569913211186,2074
2020-03-11,-1.4116927796848346,13.912730544309492,2223
2020-03-12,-2.078150027159079,15.147713950762016,1706
2020-03-13,-2.1984299990094303,12.807692307692308,1612
2020-03-14,-2.1735079927584917,21.886100386100384,1036
2020-03-15,-2.079082163413543,17.359024390243903,1025
2020-03-16,-2.1646095789661453,14.703680598877105,1603
2020-03-17,-2.1702547114016353,19.29417825862957,1941
2020-03-18,-1.989344257687256,19.244392523364485,2140
2020-03-19,-2.3240342708859583,19.163011262596324,1687
2020-03-20,-2.172224111152268,15.55899419729207,1551
2020-03-21,-2.231476081283379,15.446088794926004,946
2020-03-22,-2.4569383154311484,16.582920792079207,808
2020-03-23,-2.2006782342068947,12.608277900960827,1353
2020-03-24,-2.0005265504287038,16.19878787878788,1650
2020-03-25,-2.1051425960334473,12.766447368421053,1520
2020-03-26,-2.235454122364065,13.588010204081632,1568
2020-03-27,-2.0560871573782795,17.579514824797844,1484
2020-03-28,-2.5182893735820286,17.410488245931283,1106
2020-03-29,-2.6043104301348423,22.165289256198346,968
2020-03-30,-2.4140919172263717,12.824246771879483,1394
2020-03-31,-2.069168092075789,11.621052631578948,1615
2020-04-01,-2.1703061507001884,14.678947368421053,1520
2020-04-02,-2.1508923907647297,16.363858363858363,1638
2020-04-03,-2.34673268067936,17.121951219512194,1517
2020-04-04,-2.438743528837704,18.189485213581598,913
2020-04-05,-2.146482768829505,9.676755447941888,826
2020-04-06,-2.1938692041037555,18.5921926910299,1204
2020-04-07,-2.1342187740266745,14.390719569603228,1487
2020-04-08,-1.9729461237219812,14.216906946264745,1526
2020-04-09,-1.9578660786072257,14.6016713091922,1436
2020-04-10,-1.9374124762057348,21.48798076923077,1248
2020-04-11,-2.4854825031997114,14.353353353353354,999
2020-04-12,-2.310735978071582,11.043296089385475,716
2020-04-13,-1.9301539093516835,14.866666666666667,1140
2020-04-14,-2.0984866967197267,13.583622484385844,1441
2020-04-15,-1.940796895977013,14.927674835624627,1673
2020-04-16,-1.9456889613056136,13.079386257505003,1499
2020-04-17,-2.03842261167732,13.227144866385373,1422
2020-04-18,-2.1849163412071144,13.247178329571106,886
2020-04-19,-2.310848659283665,17.707988980716255,726
2020-04-20,-2.1108618050212264,15.914995990376905,1247
2020-04-21,-1.816207825254904,15.78596008258775,1453
2020-04-22,-1.8740552678132618,13.662118258609487,1539
2020-04-23,-1.5914511271016223,12.407651715039577,1516
2020-04-24,-1.7365152133007045,15.322793148880105,1518
2020-04-25,-1.9696393550199371,16.66740823136819,899
2020-04-26,-1.917721345700494,14.947630922693266,802
2020-04-27,-1.9789015180028657,13.706742485783915,1231
2020-04-28,-1.8770321466601385,13.455124124761298,1571
2020-04-29,-1.5845166718029156,15.635181382614647,1461
2020-04-30,-1.864965044138625,11.537868162692847,1426
2020-05-01,-1.7339189786121596,17.061793519216277,1327
2020-05-02,-1.8906995491202065,13.257611241217798,854
2020-05-03,-1.9912753381335928,20.136186770428015,771
2020-05-04,-1.5998552742042385,15.412532637075717,1149
2020-05-05,-1.670722719585212,13.68289290681502,1438
2020-05-06,-1.7629022245165762,13.786754002911207,1374
2020-05-07,0.0,0.0,0
2020-05-08,-1.7802119857531513,13.19560272934041,1319
2020-05-09,-1.9103327924766849,13.848675914249684,793
2020-05-10,-1.787724510628973,14.43019943019943,702
2020-05-11,-1.6636583808974645,12.39642567018684,1231
2020-05-12,-1.8836932126139094,13.134035087719298,1425
2020-05-13,-1.7136178151943147,20.62349968414403,1583
2020-05-14,-1.6112854690428422,12.045068582625735,1531
2020-05-15,-1.7980770270341884,13.681686046511627,1376
2020-05-16,-1.7164804544028043,14.308132875143185,873
2020-05-17,-1.5322958355593173,11.616783216783217,715
2020-05-18,-1.669249344056728,12.177177177177176,1332
2020-05-19,-1.7354640028626473,14.060726072607261,1515
2020-05-20,-1.8883102274063823,13.315344603381014,1538
2020-05-21,-1.6921888719292486,15.063870967741936,1550
2020-05-22,-1.4987162386973971,13.350720658888127,1457
2020-05-23,-1.8561210080176413,12.473317865429234,862
2020-05-24,-2.057195412262949,16.400552486187845,724
2020-05-25,-1.9605004917216484,16.565036420395423,961
2020-05-26,-1.8380406257561945,13.134887593671941,1201
2020-05-27,-1.8922878899170004,13.747340425531915,1504
2020-05-28,-1.7303293095702437,12.774921630094044,1595
2020-05-29,-1.7832981080794228,11.047058823529412,1530
2020-05-30,-2.05213460400236,12.027533039647578,908
2020-05-31,-2.4063870991635024,15.35138387484958,831
2020-06-01,-2.4020272201903916,11.840458015267176,1310
2020-06-02,-2.031650084986691,12.298631766805473,1681
2020-06-03,0.0,0.0,0
2020-06-04,-2.3080095842218977,14.56513530522341,1589
2020-06-05,-2.3460842576207726,13.98336532309661,1563
2020-06-06,-2.404648326843609,12.234338747099768,862
2020-06-07,-2.345434758929219,13.798726114649682,785
2020-06-08,-2.026555917965173,18.842493847415916,1219
2020-06-09,0.0,0.0,0
2020-06-10,-2.163035494369225,15.692175899486008,1751
2020-06-11,-2.1031149131884797,13.87396449704142,1690
2020-06-12,-1.986612192511381,10.723611111111111,1440
2020-06-13,-2.0141990099513336,12.575326215895611,843
2020-06-14,-1.9528438553691558,13.315068493150685,803
2020-06-15,-1.9812210928511629,13.861000794281175,1259
2020-06-16,-1.8416245770990438,14.267241379310345,1508
2020-06-17,-1.7172536092156825,15.21377517868746,1539
2020-06-18,-1.7677529928318345,16.093645484949832,1495
2020-06-19,-1.7493253847239598,12.397952218430033,1465
2020-06-20,-1.9161575082010882,11.897114178168131,797
2020-06-21,-2.1219177687436157,19.976038338658146,626
2020-06-22,-1.8435837875827754,10.997050147492626,1356
2020-06-23,-1.8447078590471446,13.276785714285714,1680
2020-06-24,-1.6955101040846068,11.805538832028898,1661
2020-06-25,-1.5197957004920841,14.181511470985155,1482
2020-06-26,-1.753567444575996,13.36211901306241,1378
2020-06-27,-1.7739635962496285,14.595615103532278,821
2020-06-28,-2.1126634833791615,17.802325581395348,774
2020-06-29,-2.1644006843705914,16.967105263157894,1368
2020-06-30,-1.9213063870219549,14.234082397003744,1602
2020-07-01,-1.7715809204812905,21.291853752405387,1559
2020-07-02,-1.9081724888663578,14.585908529048208,1618
2020-07-03,-1.9997439422905752,14.455098934550989,1314
2020-07-04,-2.194735343954272,20.121715076071922,723
2020-07-05,-1.9671272930449977,18.47549668874172,755
2020-07-06,-1.7990166320498995,11.406173842404549,1231
2020-07-07,-1.8580458078222681,13.142015706806284,1528
2020-07-08,-1.8336289081926815,13.530077427039904,1679
2020-07-09,-1.781748370812293,14.52901934623082,1499
2020-07-10,-2.0159238421469126,20.43610108303249,1385
2020-07-11,-2.1568623097011987,12.256224066390041,964
2020-07-12,-1.8776784961730435,14.910891089108912,808
2020-07-13,-1.9912797357930818,14.12937595129376,1314
2020-07-14,-1.9426330902426983,14.859413202933986,1636
2020-07-15,-1.9174055888998542,16.009386733416772,1598
2020-07-16,-1.6121786191626288,13.346129238643634,1563
2020-07-17,-1.827137191898205,11.325259515570934,1445
2020-07-18,-2.029563663330366,12.208240534521158,898
2020-07-19,-2.0586320085860783,13.406991260923846,801
2020-07-20,0.0,0.0,0
2020-07-21,-1.7349673245081978,12.87986798679868,1515
2020-07-22,-1.8690744370960162,13.349723417332514,1627
2020-07-23,-2.0772711050989843,11.51128818061089,1506
2020-07-24,-1.8111141592840931,12.588813303099018,1323
2020-07-25,-1.9610044381069138,15.786155747836835,809
2020-07-26,-1.4939357191252736,16.521994134897362,682
2020-07-27,-1.8577528758289956,11.635350318471337,1256
2020-07-28,-1.7266737384378759,12.682137834036569,1422
2020-07-29,-1.8566641012263625,12.25426039536469,1467
2020-07-30,-1.882920377675861,12.383084577114428,1407
2020-07-31,-1.780134750509233,14.087732342007435,1345
2020-08-01,-1.9133780756248762,27.724358974358974,780
2020-08-02,-1.7614456366123923,15.915451895043732,686
2020-08-03,0.0,0.0,0
2020-08-04,-1.749856087593033,15.794301598332176,1439
2020-08-05,-1.6882440107398742,16.000667111407605,1499
2020-08-06,-1.945011907248354,14.98843537414966,1470
2020-08-07,-1.7416753912076568,13.132311977715878,1436
2020-08-08,-2.20528119019603,13.597139451728248,839
2020-08-09,-2.1702664654106023,14.71700680272109,735
2020-08-10,-1.8788687887837696,15.738582677165354,1270
2020-08-11,-1.706243327438112,15.469716494845361,1552
2020-08-12,-1.6104133135867214,12.721628838451268,1498
2020-08-13,-1.5740947254766329,14.90987408880053,1509
2020-08-14,-1.7486561306205812,17.598625429553266,1455
2020-08-15,-1.7227726006952127,17.398296059637914,939
2020-08-16,-1.5132982176382472,14.07940161104718,869
2020-08-17,-1.8915743532966303,13.02258566978193,1284
2020-08-18,-1.4359331802551658,16.712693498452012,1615
2020-08-19,-1.4020102041766898,15.003414911781446,1757
2020-08-20,-1.5785727380612897,15.641604010025063,1596
2020-08-21,-2.03104991455514,15.87126600284495,1406
2020-08-22,-1.9769612255883293,19.201560468140443,769
2020-08-23,-1.7545366057109408,13.965925925925927,675
2020-08-24,-1.471852889073283,10.774471417384495,1277
2020-08-25,-1.6924437086660866,13.026002971768202,1346
2020-08-26,-1.4652987968365445,11.854092526690392,1405
2020-08-27,0.0,0.0,0
2020-08-28,0.0,0.0,0
2020-08-29,-2.112387946929188,14.16551724137931,870
2020-08-30,-2.5599705743466994,14.94951923076923,832
2020-08-31,-1.8775214206001138,18.461342395921836,1177
2020-09-01,-1.8393534655487154,14.303180212014134,1415
2020-09-02,-1.7823897226508145,14.033419023136247,1556
2020-09-03,-1.6395797037054127,14.417055296469021,1501
2020-09-04,-1.7025994072526804,13.219431592861865,1513
2020-09-05,-1.5856572733488405,14.374434389140271,884
2020-09-06,-2.4501461416032453,13.399390243902438,656
2020-09-07,-2.197466116849675,16.64385026737968,935
2020-09-08,0.0,0.0,0
2020-09-09,-1.6529643881321283,12.051702395964691,1586
2020-09-10,-1.8023017169654065,12.9814696485623,1565
2020-09-11,-2.035366590005365,15.864993215739485,1474
2020-09-12,-1.9422524560804526,13.355648535564853,956
2020-09-13,-2.042289711003768,13.826466916354557,801
2020-09-14,-1.9705067618211354,18.40477815699659,1465
2020-09-15,-1.7230245921007397,11.698529411764707,1496
2020-09-16,-1.7723391752530318,14.835880398671096,1505
2020-09-17,-1.66461852949506,12.593457943925234,1498
2020-09-18,-1.5025226168424475,12.897418927862343,1511
2020-09-19,-1.4288701438327134,19.510971786833856,957
2020-09-20,-1.487228905947787,16.170289855072465,828
2020-09-21,-1.5209350623720206,15.0,1402
2020-09-22,-1.2831423919951561,12.097402597402597,1540
2020-09-23,-1.3966599061209586,12.371786833855799,1595
2020-09-24,-1.479172791299702,12.678635547576302,1671
2020-09-25,0.0,0.0,0
2020-09-26,-1.8604163430970155,13.697761194029852,804
2020-09-27,-1.8320039143625977,14.271910112359551,890
2020-09-28,-1.8898884742656847,12.895931142410015,1278
2020-09-29,-1.7298343480918945,11.261976047904191,1336
2020-09-30,-2.0284173950572626,14.78150036416606,1373
2020-10-01,-1.9455495375826333,14.477460317460318,1575
2020-10-02,-1.7309124246858247,12.947901591895803,1382
2020-10-03,-1.8369996254130276,13.107344632768362,708
2020-10-04,-1.621634721626882,12.894812680115274,694
2020-10-05,-1.598440768587957,10.820261437908497,1224
2020-10-06,-1.367193902452862,12.846431146359048,1387
2020-10-07,-1.5357789109341902,12.609494640122511,1306
2020-10-08,-1.881253988018981,13.18201438848921,1390
2020-10-09,-1.9083432944023946,11.332692307692307,1040
2020-10-10,-1.6582307939686483,12.12700228832952,874
2020-10-11,-1.827066583671709,13.38566131025958,809
2020-10-12,-1.6982127285857032,11.727184466019418,1030
2020-10-13,-1.4950524986891336,11.387480190174326,1262
2020-10-14,-1.3566342633554844,12.11319534282018,1546
2020-10-15,-1.4673655426937147,12.402700555996823,1259
2020-10-16,-1.7239073308360116,11.601769911504425,565
2020-10-17,-1.909501484849032,18.5902004454343,898
2020-10-18,-1.6469771586000803,14.660044150110375,906
2020-10-19,-1.3034100815081466,12.390638297872341,1175
2020-10-20,-1.250583906457797,13.547054322876818,1307
2020-10-21,-1.4159344737932134,13.076619273301738,1266
2020-10-22,-1.5540734297537249,12.459854014598541,1233
2020-10-23,-1.7568279123435768,10.012596899224807,1032
2020-10-24,-1.5434690054109472,9.462205700123915,807
2020-10-25,-1.238664478762774,11.2876254180602,897
2020-10-26,-1.3988034601135257,16.33034987794955,1229
2020-10-27,-1.3674395386987368,14.106655974338413,1247
2020-10-28,-1.5028736531884088,13.384246575342466,1460
2020-10-29,-1.5835067335802993,11.37794533459001,1061
2020-10-30,-1.3124000200933434,8.51421188630491,774
2020-10-31,-1.4066840164526435,8.128249566724437,577
2020-11-01,-1.3353124497402449,9.468354430379748,790
2020-11-02,-1.361632588839672,14.652674339878132,1477
2020-11-03,-1.3365539529849289,19.603718768158046,1721
2020-11-04,-0.9018491618916656,14.787328640237124,2699
2020-11-05,-1.0715195166342057,9.942857142857143,1330
2020-11-06,-1.5462318500712795,8.021176470588236,425
2020-11-07,-1.2514164830104515,9.705234159779614,363
2020-11-08,-1.0331468794810135,13.765100671140939,447
2020-11-09,-1.2987871212491504,12.90259067357513,965
2020-11-10,-1.468649792004085,8.664036076662908,887
2020-11-11,-1.5100056194098572,9.402964959568733,742
2020-11-12,-1.7006615743268052,8.270408163265307,784
2020-11-13,-1.7163385319798024,10.734234234234235,222
2020-11-14,-2.268370545179472,8.195454545454545,220
2020-11-15,-1.6296968357165733,6.498154981549815,271
2020-11-16,-1.691170578188148,10.991364421416234,579
2020-11-17,-1.5085792725133034,9.31378763866878,631
2020-11-18,-1.6831463866573926,11.996902106567534,1614
2020-11-19,-1.6617608538550144,13.483174603174604,1575
2020-11-20,-1.6772927933742865,12.890344827586206,1450
2020-11-21,-1.4063420619388074,17.15986769570011,907
2020-11-22,-1.7458900499524868,12.013774104683195,726
2020-11-23,-1.3951846254299345,13.93445243804956,1251
2020-11-24,-1.4089801335232897,14.33744557329463,1378
2020-11-25,-1.47041475418872,12.543417366946779,1428
2020-11-26,-1.866615214847482,10.453333333333333,1050
2020-11-27,-1.3981270008210982,11.976434426229508,976
2020-11-28,-1.6868963898996567,14.425320056899004,703
2020-11-29,-1.8090712701899332,15.82701062215478,659
2020-11-30,-1.6762013676040313,11.092980856882406,1097
2020-12-01,-1.348592860447696,13.556868537666174,1354
2020-12-02,-1.2954768694675882,11.972972972972974,1443
2020-12-03,-1.3041647936223273,12.497206703910615,1432
2020-12-04,-1.5578080841863098,11.704753961634696,1199
2020-12-05,-1.502524142383347,12.233862433862434,945
2020-12-06,-1.2563081531074092,15.990716180371352,754
2020-12-07,-1.123635410909495,16.213584288052374,1222
2020-12-08,-1.2770774812224754,14.577522004062288,1477
2020-12-09,-1.2870665646664916,17.100069492703266,1439
2020-12-10,-1.3527912720197965,14.055087987758226,1307
2020-12-11,-1.2853722299576795,14.557515878616796,1417
2020-12-12,-1.5113828086885583,14.67713004484305,892
2020-12-13,-1.3571760684043441,16.555415617128464,794
2020-12-14,-0.9917335808526477,23.016764459346184,2386
2020-12-15,-0.8845618712023263,21.01779661016949,2360
2020-12-16,-1.3432374769879736,13.024407252440724,1434
2020-12-17,-1.4016674654115344,11.70569366479551,1247
2020-12-18,0.0,0.0,0
2020-12-19,-1.750138444537603,20.629175946547885,898
2020-12-20,-1.9006756412063113,12.84660766961652,678
2020-12-21,-1.6806923494629695,11.832329317269076,996
2020-12-22,-1.8716405436677157,13.257907542579076,1233
2020-12-23,-1.757113932081153,13.522181146025877,1082
2020-12-24,-1.8128091138527722,12.359857482185273,842
2020-12-25,-1.0837281455153545,17.780701754385966,456
2020-12-26,-2.259647036234695,14.749455337690632,459
2020-12-27,-2.1058146948760093,14.166994106090373,509
2020-12-28,-1.9020664809513121,16.572602739726026,730
2020-12-29,-1.6431347066445994,10.893922651933702,905
2020-12-30,-1.5313641037974006,12.529471544715447,984
2020-12-31,-1.9791189463509413,13.733186328555679,907
2021-01-01,-2.0192057097276925,14.522267206477732,741
2021-01-02,-1.8152684700151203,14.565587734241909,587
2021-01-03,-1.6687871826215273,18.20327868852459,610
2021-01-04,-2.0696411015390797,15.347195357833655,1034
2021-01-05,-1.6257991889589598,14.336147352264007,1303
2021-01-06,-1.9799961339674015,21.033760972316003,1481
2021-01-07,-1.78510675639553,14.987636363636364,1375
2021-01-08,-1.89190256920518,13.668106551475882,1389
2021-01-09,-2.4896572283472187,18.86472819216182,791
2021-01-10,-2.818653036670764,18.681887366818874,657
2021-01-11,-2.1972000192332186,12.638240574506284,1114
2021-01-12,-1.8966925197957325,15.22149302707137,1219
2021-01-13,-2.415704677846349,12.754085603112841,1285
2021-01-14,-2.374262123693575,13.031551270815074,1141
2021-01-15,-1.9297480627945474,13.691906005221933,1149
2021-01-16,-2.0757233390536047,14.340643274853802,684
2021-01-17,-1.7208949099445732,15.735395189003436,582
2021-01-18,-1.6293552213227276,11.901833872707659,927
2021-01-19,-1.8758788204256527,12.269198312236288,1185
2021-01-20,-1.8956767906304406,13.188142292490118,1265
2021-01-21,-1.408882377935467,13.941915227629513,1274
2021-01-22,-1.6714655089133243,15.260511129431162,1213
2021-01-23,-1.697433952396713,10.831619537275063,778
2021-01-24,-1.7056766435366064,15.86949152542373,590
2021-01-25,-1.6476196529172278,14.42390289449113,1071
2021-01-26,-1.8464707063832904,14.382636655948554,1244
2021-01-27,-1.7382661308262748,9.731811697574893,1402
2021-01-28,-1.747215410827348,15.563939634630659,1259
2021-01-29,-1.4781926210375007,11.713216957605985,1203
2021-01-30,-1.4733135714037369,14.576397515527951,805
2021-01-31,-1.7196177940988513,13.032203389830508,590
2021-02-01,0.0,0.0,0
2021-02-02,-1.5387029123235336,10.444541484716158,1145
2021-02-03,-1.3718913585192962,12.12620578778135,1244
2021-02-04,-1.7200752979680678,13.434083601286174,1244
2021-02-05,-1.657426490238938,13.777027027027026,1184
2021-02-06,-1.7596671705470557,14.149933065595716,747
2021-02-07,-1.3839816231550828,13.990521327014218,633
2021-02-08,-1.953843199023051,13.490316004077473,981
2021-02-09,-1.8060384990766696,13.067135050741609,1281
2021-02-10,-1.6714801370815708,11.552922590837282,1266
2021-02-11,-1.903956611823133,13.251097453906937,1139
2021-02-12,-1.9474787494256716,13.045895851721095,1133
2021-02-13,-2.1123070754739546,13.167701863354038,805
2021-02-14,-2.414628961956039,20.07057256990679,751
2021-02-15,-2.0899423570614837,14.787393162393162,936
2021-02-16,-1.5569690668446754,11.735849056603774,1166
2021-02-17,-1.8450534080680665,13.753809141940657,1247
2021-02-18,-1.7600254494648973,10.791596638655463,1190
2021-02-19,-1.5756601043434866,14.55922165820643,1182
2021-02-20,0.0,0.0,0
2021-02-21,-1.4688332089122582,16.67479674796748,615
2021-02-22,-1.5555828966849188,12.428054298642534,1105
2021-02-23,-1.6735359747141918,12.090327737809751,1251
2021-02-24,-1.490362695722526,11.244229337304542,1343
2021-02-25,-1.4816660219717024,11.225247524752476,1212
2021-02-26,-1.8825288091283916,11.843499197431782,1246
2021-02-27,-1.7709833200964893,8.299180327868852,732
2021-02-28,-1.485533435103827,14.394648829431437,598
2021-03-01,-1.6499407687713492,11.206012378426172,1131
2021-03-02,-1.3701709250007188,14.712109672505711,1313
2021-03-03,-1.5371403992081394,13.630480167014614,1437
2021-03-04,-1.3679118605218759,13.681159420289855,1380
2021-03-05,-1.4844318436604091,15.132352941176471,1360
2021-03-06,-1.3660232102494814,13.569210866752911,773
2021-03-07,-1.0963544704238206,18.919303797468356,632
2021-03-08,-1.4135866356010112,15.740128558310376,1089
2021-03-09,-1.6003682451336692,13.058726220016542,1209
2021-03-10,-1.4859521995585512,15.005392912172573,1298
2021-03-11,-1.7443002806739067,14.608969866853538,1427
2021-03-12,-1.523841830740885,13.953316953316953,1221
2021-03-13,-1.71819370669207,18.701729106628243,694
2021-03-14,-1.8470598593301348,16.302491103202847,562
2021-03-15,-1.5708737565151258,14.28099910793934,1121
2021-03-16,-1.5548470922126876,17.9136400322841,1239
2021-03-17,-1.9039517104419714,15.885690789473685,1216
2021-03-18,-2.0288587147573467,16.79515570934256,1445
2021-03-19,-1.5871971067243176,14.351543942992874,1263
2021-03-20,-1.9849342609945995,19.343337334933974,833
2021-03-21,-1.711281178259129,13.338006230529595,642
2021-03-22,-1.7730701340280217,14.629906542056075,1070
2021-03-23,-1.6859193700050743,15.575471698113208,1378
2021-03-24,-1.63166698300672,17.36807580174927,1372
2021-03-25,-1.8061679043203698,13.76402767102229,1301
2021-03-26,-1.6748504481150313,11.726872246696034,1135
2021-03-27,-1.6750610727389883,31.758838383838384,792
2021-03-28,-1.9654810784823933,21.867528271405494,619
2021-03-29,-1.6493120109728066,15.571428571428571,1092
2021-03-30,-1.402299332815231,9.87099567099567,1155
2021-03-31,-1.229408791403758,13.397534668721109,1298
2021-04-01,-1.4184812011489092,15.39232781168265,1147
2021-04-02,-1.7783522064574924,17.553648068669528,932
2021-04-03,-1.3760485618248892,12.572156196943974,589
2021-04-04,-1.240811787681709,13.595406360424029,566
2021-04-05,-1.4128995048823512,14.553164556962026,790
2021-04-06,-1.281358618871575,11.191640378548897,1268
2021-04-07,-1.540937713963284,15.437125748502995,1336
2021-04-08,-1.6588111982327274,13.544969512195122,1312
2021-04-09,-1.673343342939625,13.11141060197664,1113
2021-04-10,-1.7816847085053096,11.25392670157068,764
2021-04-11,-1.801841185194042,14.404580152671755,655
2021-04-12,-1.4297183332844174,12.082454458293384,1043
2021-04-13,-1.6293337876178005,11.104414261460102,1178
2021-04-14,-1.6534086008813043,13.5915611814346,1185
2021-04-15,-1.848726725788704,15.168308702791462,1218
2021-04-16,-1.809955954557974,17.506306306306307,1110
2021-04-17,-1.937837709820447,14.361393323657474,689
2021-04-18,-1.8251766111288052,10.876254180602007,598
2021-04-19,-2.056376796371669,14.875438596491229,1140
2021-04-20,0.0,0.0,0
2021-04-21,-2.0160015428900606,13.295180722891565,1328
2021-04-22,-1.7468975807899887,11.00705329153605,1276
2021-04-23,-1.7011573126158237,12.282442748091603,1048
2021-04-24,-1.7617544410000068,12.826839826839826,693
2021-04-25,-1.8376624177537715,11.813664596273291,644
2021-04-26,-1.4419726221647182,11.441379310344828,1015
2021-04-27,-1.6755173236382803,11.511575802837939,1339
2021-04-28,-1.6692391861845264,13.243610223642172,1252
2021-04-29,-1.5117841695984944,9.920184190330009,1303
2021-04-30,-1.6869838584237815,13.490178571428572,1120
2021-05-01,-2.0107333043698725,17.617117117117118,666
2021-05-02,-1.7449090532948326,14.633776091081593,527
2021-05-03,-1.365940528700468,9.690639269406393,876
2021-05-04,-1.4425265810616787,12.966271649954422,1097
2021-05-05,-1.575538948485778,11.42292796281952,1291
2021-05-06,-1.4234865593198416,21.04235463029433,1393
2021-05-07,-1.4479665310025136,15.299368800721371,1109
2021-05-08,-1.2228307873794608,16.061872909698998,598
2021-05-09,-1.1084302414137706,11.230118443316412,591
2021-05-10,-1.3571513789541891,11.124735729386892,946
2021-05-11,-1.7596074290767176,15.202846975088969,1124
2021-05-12,-1.6630884394811207,11.846413502109705,1185
2021-05-13,-2.0832866637129226,12.628252788104088,1076
2021-05-14,-1.7979891733872795,10.951124144672532,1023
2021-05-15,-1.7539391401762652,16.89322033898305,590
2021-05-16,-2.140713849593929,12.663461538461538,520
2021-05-17,-1.7261938294364565,12.67654028436019,844
2021-05-18,-1.618151848588846,12.052677787532923,1139
2021-05-19,-1.7219500614014083,11.526143790849673,1224
2021-05-20,-1.5257581334744512,19.096681096681095,1386
2021-05-21,-1.783547905024704,12.841176470588236,1190
2021-05-22,-1.8953708921284287,24.530405405405407,592
2021-05-23,-1.9369227635354975,12.589869281045752,612
2021-05-24,-1.9750818841296574,13.61266294227188,1074
2021-05-25,-1.8309047887495846,16.022401433691755,1116
2021-05-26,-2.252152286183322,13.448221343873518,1265
2021-05-27,-1.9836841119221973,13.650918635170603,1143
2021-05-28,-1.5058483700275895,11.862511457378552,1091
2021-05-29,-1.758932339220956,10.76751592356688,628
2021-05-30,-2.1214337388047415,16.61522633744856,486
2021-05-31,-1.4413391087564316,9.83224967490247,769
2021-06-01,-1.7501743548848752,11.9462890625,1024
2021-06-02,-1.3846969051288018,13.993282149712092,1042
2021-06-03,-1.6577938942269375,10.92764857881137,1161
2021-06-04,-1.4224374456528384,13.482209737827715,1068
2021-06-05,-1.4112869369130023,9.393518518518519,648
2021-06-06,-1.6348529383578367,11.537785588752197,569
2021-06-07,-1.577386437049709,10.250272034820457,919
2021-06-08,-1.5579842975179008,10.024839006439743,1087
2021-06-09,-1.3815552431262756,10.960548885077188,1166
2021-06-10,-1.4109323103814826,8.932915921288014,1118
2021-06-11,-1.4265800417282253,10.17536945812808,1015
2021-06-12,-1.6780179164904345,9.006644518272426,602
2021-06-13,-1.0164699281120597,9.676691729323307,532
2021-06-14,-1.443492893186418,14.89989350372737,939
2021-06-15,-1.4802754035602952,10.644567219152854,1086
2021-06-16,-1.3575030943067794,13.870484581497797,1135
2021-06-17,-1.3395800513376246,11.769991015274034,1113
2021-06-18,-1.3790626120763243,17.482262703739213,1043
2021-06-19,-1.5521564296694912,11.82960413080895,581
2021-06-20,-1.7627196021993237,9.311195445920303,527
2021-06-21,-1.6124686358413678,11.579117330462863,929
2021-06-22,-1.4223164744179324,11.928764652840396,1109
2021-06-23,-1.2245965709561393,12.737219730941703,1115
2021-06-24,-1.8838200045409437,11.687127024722933,1173
2021-06-25,-1.8638102753131998,17.576699029126214,1030
2021-06-26,-1.8406833300098882,15.913373860182372,658
2021-06-27,-1.5673342652972992,11.00943396226415,530
2021-06-28,-1.8777382157684623,14.532675709001232,811
2021-06-29,-1.5593970683446592,13.388520971302428,906
2021-06-30,-1.736242478839592,13.582,1000
2021-07-01,0.0,0.0,0
2021-07-02,-2.055918966666385,13.558766859344894,1038
2021-07-03,-1.7534535136172933,16.875451263537904,554
2021-07-04,-1.9101008625972573,9.119469026548673,452
2021-07-05,-1.2952718223210649,11.914438502673796,748
2021-07-06,-1.7004111629119536,15.228630278063852,971
2021-07-07,-1.2411956896494112,12.130573248407643,942
2021-07-08,-1.498768417605652,12.56701030927835,970
2021-07-09,-1.4641866230798224,11.533267130089374,1007
2021-07-10,-1.780528499810492,9.399641577060931,558
2021-07-11,-1.3950948534385452,10.293548387096774,620
2021-07-12,-1.5516732271210414,11.588888888888889,900
2021-07-13,-1.664904946208625,11.646245059288537,1012
2021-07-14,0.0,0.0,0
2021-07-15,-1.5217746502756717,9.929085303186023,973
2021-07-16,-1.5577028256731325,14.231656184486374,954
2021-07-17,-1.4977274145910102,23.3446519524618,589
2021-07-18,-1.9973189941121297,16.902033271719038,541
2021-07-19,-1.7358236406163197,12.925085130533486,881
2021-07-20,-1.7025235741049634,10.48804347826087,920
2021-07-21,-1.609824137366913,11.17319587628866,970
2021-07-22,-1.8500837857870862,11.604255319148937,940
2021-07-23,-1.6911600356364742,12.06401766004415,906
2021-07-24,-1.676151806989884,11.996363636363636,550
2021-07-25,-1.7263892398663097,8.360824742268042,485
2021-07-26,-1.6049711787953214,10.634002361275089,847
2021-07-27,-1.497763387717101,13.662231320368475,977
2021-07-28,-1.5407071114368487,14.538167938931299,1048
2021-07-29,-1.5504332553612974,11.084440227703984,1054
2021-07-30,-1.907221876073326,14.20754716981132,795
2021-07-31,-1.9736148323662759,12.06868686868687,495
2021-08-01,-2.2191481715495733,14.817567567567568,444
2021-08-02,-1.483645837401033,10.408275862068965,725
2021-08-03,-1.6255869937999425,15.16236559139785,930
2021-08-04,0.0,0.0,0
2021-08-05,-1.7003669103636425,10.094623655913978,930
2021-08-06,0.0,0.0,0
2021-08-07,-1.8427021366556435,12.569343065693431,411
2021-08-08,-1.6919344517832706,8.366847826086957,368
2021-08-09,-1.6328039059939643,15.795562599049129,631
2021-08-10,-1.6693667821410545,10.005263157894737,760
2021-08-11,-1.5895409195528805,15.379672897196262,856
2021-08-12,-1.8288508975380877,12.672963400236128,847
2021-08-13,-1.907342451353616,13.583123425692696,794
2021-08-14,-2.4507314040628057,15.496314496314497,407
2021-08-15,-1.9376534196205097,12.501246882793017,401
2021-08-16,-1.8231658155765402,9.448807854137447,713
2021-08-17,-1.9760520748553734,13.216041397153946,773
2021-08-18,-1.9151060768025008,11.068627450980392,816
2021-08-19,-1.5963218035714084,12.395897435897435,975
2021-08-20,-1.6894679269050645,10.145379023883697,963
2021-08-21,-1.9934341270304865,9.249609984399376,641
2021-08-22,-1.7144023140571552,9.333333333333334,507
2021-08-23,-1.6318802524539953,11.205882352941176,782
2021-08-24,-1.8753404803954827,9.993717277486912,955
2021-08-25,-1.7622545050886658,12.75638686131387,1096
2021-08-26,-1.4014967224747963,11.679552390640895,983
2021-08-28,-1.5173623707409034,9.847195357833655,517
2021-08-29,-1.8980154668037448,15.120481927710843,498
2021-08-30,-1.6384768327814925,13.914158305462653,897
2021-08-31,-1.9517864815594648,15.909952606635072,1055
2021-09-01,-1.5211596799547407,11.3989898989899,990
2021-09-02,-1.635975680598818,13.152083333333334,960
2021-09-03,-1.9945622502415234,11.870292887029288,956
2021-09-04,-1.892670530915618,14.91304347826087,621
2021-09-05,-1.5752824787351187,10.314563106796117,515
2021-09-06,-1.5239274518406398,9.937685459940653,674
2021-09-07,-1.503989675270478,10.08710033076075,907
2021-09-08,-1.573694425857983,11.861773117254527,1049
2021-09-09,-1.299694338909301,11.99154135338346,1064
2021-09-10,-1.5048321533627136,10.576557550158395,947
2021-09-11,-1.7711561415628814,9.945859872611464,628
2021-09-12,-1.6393507931434521,8.007005253940456,571
2021-09-13,-0.993537294886046,13.820568927789934,914
2021-09-14,-1.3241536524249595,12.556313993174061,1172
2021-09-15,-1.5650091285086505,13.682891911238368,1397
2021-09-16,-1.5345791129660304,11.254964257347101,1259
2021-09-17,-1.2172823218773114,11.748135874067938,1207
2021-09-18,-1.4545031431747246,12.176136363636363,704
2021-09-19,-1.4539359795261981,17.0,593
2021-09-20,-1.4171565505269463,14.641313742437339,1157
2021-09-21,-1.4882250588486792,13.25589519650655,1145
2021-09-22,-1.5934806484124138,14.105263157894736,1254
2021-09-23,-1.510592539090597,11.839388145315487,1046
2021-09-24,-1.636209751116988,10.531162790697675,1075
2021-09-25,-1.4518501594364994,11.808391608391608,715
2021-09-26,-1.4773280456827782,13.67548076923077,832
2021-09-27,-1.4244626175093442,12.059870550161813,1236
2021-09-28,-1.5631413061399726,17.82675261885576,1241
2021-09-29,-1.771290603924467,9.365432098765432,1215
2021-09-30,-1.5025126039563645,9.080988917306053,1173
2021-10-01,-1.514298839299405,11.335707019328586,983
2021-10-02,-1.7998547879484768,13.620214395099541,653
2021-10-03,-1.8659859012498434,9.267100977198696,614
2021-10-04,-1.3022474724042123,15.218102508178845,917
2021-10-05,-1.7611214281193412,10.449508489722968,1119
2021-10-06,-1.4812332391108238,12.997177798682973,1063
2021-10-07,-1.4656254963657225,12.501385041551247,1083
2021-10-08,-1.4552668205250225,11.666364460562104,1103
2021-10-09,-1.7574523517733731,8.729166666666666,576
2021-10-10,-2.044171387475458,22.662522202486677,563
2021-10-11,-1.5525390767617406,9.882850241545894,828
2021-10-12,-1.4434680542438247,13.975363941769317,893
2021-10-13,-1.172474981571114,10.543434343434344,990
2021-10-14,-1.355676632867177,11.975332068311195,1054
2021-10-15,-1.4468325333107943,14.859592711682744,933
2021-10-16,-1.6808861746004853,11.467614533965245,633
2021-10-17,-1.1328144217527816,9.292096219931272,582
2021-10-18,-1.6767438942145407,13.178492239467849,902
2021-10-19,-1.4591505870670434,15.158953722334005,994
2021-10-20,-1.4600382809499912,11.2,1100
2021-10-21,-1.6629357863117786,11.122093023255815,1032
2021-10-22,-1.5102150532726224,10.31304347826087,1035
2021-10-23,-1.5528519914940264,12.477862595419847,655
2021-10-24,-1.7329543814542763,9.544423440453686,529
2021-10-25,-1.2626339014288077,9.396166134185304,939
2021-10-26,-1.5091202719905683,15.372458410351202,1082
2021-10-27,-1.5911516409627002,12.983050847457626,1180
2021-10-28,0.0,0.0,0
2021-10-29,-1.686479852576118,14.988805970149254,1072
2021-10-30,-1.3395836035001507,13.771349862258953,726
2021-10-31,-1.2509101632817696,14.253424657534246,730
2021-11-01,-0.9052720349340971,9.996887159533074,1285
2021-11-02,-1.0237632194203439,16.367310012062728,1658
2021-11-03,-0.9326459639718422,13.861216730038024,1578
2021-11-04,-1.130559085161325,12.513102282333051,1183
2021-11-05,-1.6277445784426072,12.900690846286702,1158
2021-11-06,-1.2732530439363527,11.277777777777779,558
2021-11-07,-1.3996459687444425,8.433862433862434,567
2021-11-08,-1.6228345292818311,11.6243272335845,929
2021-11-09,-1.709162510502548,10.317731773177318,1111
2021-11-10,-1.5753989339205212,11.75736568457539,1154
2021-11-11,-1.7411574912833843,16.012704174228674,1102
2021-11-12,-1.6787829512391084,13.371376811594203,1104
2021-11-13,-1.9222177396140414,10.651975683890578,658
2021-11-14,-1.4609748909768425,15.952475247524752,505
2021-11-15,-1.946737932859939,12.259443339960239,1006
2021-11-16,-1.9134729487777804,12.647540983606557,1098
2021-11-17,-1.8880925454723947,12.692942254812099,1091
2021-11-18,-2.375912120068999,13.106508875739644,1183
2021-11-19,-2.0355348937515716,10.804878048780488,1148
2021-11-20,-2.0585551807690488,16.53469387755102,735
2021-11-21,-1.3377271900748124,10.448275862068966,551
2021-11-22,0.0,0.0,0
2021-11-23,-1.751069003958368,11.2126213592233,1030
2021-11-24,0.0,0.0,0
2021-11-25,-1.614730342006151,12.154696132596685,724
2021-11-26,-1.5580103079320107,9.96078431372549,816
2021-11-27,-1.2868319693246386,8.181069958847736,486
2021-11-28,-1.7036053077063844,12.140869565217391,575
2021-11-29,-1.7062900192735553,19.899033297529538,931
2021-11-30,-1.521148293128462,13.986059479553903,1076
2021-12-01,-1.897872924348635,13.420866489832006,1131
2021-12-02,-2.1302090784944405,15.105030891438659,1133
2021-12-03,-1.5336397107363091,12.417355371900827,968
2021-12-04,-2.115502130106259,12.514548238897397,653
2021-12-05,-1.5776335059130528,12.756048387096774,496
2021-12-06,-1.3085554766847416,14.821428571428571,868
2021-12-07,-1.6154167393044356,13.509293680297398,1076
2021-12-08,-1.4271155428910216,10.542028985507246,1035
2021-12-09,-1.5752778935422027,16.864185110663986,994
2021-12-10,-1.6723707331479014,19.060756972111555,1004
2021-12-11,-1.8315175877316119,24.802395209580837,668
2021-12-12,-1.754672455721936,9.30990990990991,555
2021-12-13,-1.7583625242312444,13.80498866213152,882
2021-12-14,-2.1814105113039477,13.336555360281196,1138
2021-12-15,-1.9971083141708401,12.721789883268482,1028
2021-12-16,-1.3785507886337909,10.91073219658977,997
2021-12-17,-1.4531007737944397,13.337763012181616,903
2021-12-18,-1.9784377255606016,11.160629921259842,635
2021-12-19,-1.825313024906639,12.724409448818898,635
2021-12-20,-1.7881715688884416,17.459731543624162,894
2021-12-21,-2.1815639333207355,12.11281070745698,1046
2021-12-22,-2.2687206878695796,14.328986960882649,997
2021-12-23,-2.1002154799211366,17.722680412371133,970
2021-12-24,-2.0224108826873812,15.694362017804155,674
2021-12-25,-1.8944299573063237,17.070987654320987,324
2021-12-26,-1.46742317940046,9.795811518324607,382
2021-12-27,-2.144767525870717,14.052901023890785,586
2021-12-28,-2.099127764266133,16.652757078986586,671
2021-12-29,-1.9268222325343562,12.818181818181818,715
2021-12-30,-1.8907553337418797,13.592261904761905,672
2021-12-31,-1.7125316554423147,9.95016077170418,622
2022-01-01,-1.641342971736645,13.06027397260274,365
2022-01-02,-1.9522650038773461,11.952380952380953,336
2022-01-03,-1.8683712386312048,8.874425727411944,653
2022-01-04,-2.2705139176198714,15.50121359223301,824
2022-01-05,-1.8946487367853868,12.379619260918252,893
2022-01-06,-2.046924898520471,11.505807814149946,947
2022-01-07,-1.9829233315233779,11.025374855824683,867
2022-01-08,-2.1061956114093765,12.18452380952381,504
2022-01-09,-1.9569003152861062,12.832993890020367,491
2022-01-10,-2.007993467578359,11.22378516624041,782
2022-01-11,-1.733200698027789,11.808764940239044,1004
2022-01-12,-1.8760675279660235,11.228650137741047,1089
2022-01-13,-1.5410881080537742,13.043562439496611,1033
2022-01-14,-1.8633726758511775,11.739087301587302,1008
2022-01-15,-1.7499569643774806,9.365811965811966,585
2022-01-16,-1.7141522192769707,8.483516483516484,546
2022-01-17,-1.6242976711787436,9.938697318007662,783
2022-01-18,-1.7138711104197364,14.814122533748701,963
2022-01-19,0.0,0.0,0
2022-01-20,-1.9855150585238457,13.424550430023455,1279
2022-01-21,-2.141090956536178,12.668737060041408,966
2022-01-22,-2.163655729450011,16.9024,625
2022-01-23,-1.9633242908351465,9.216949152542373,590
2022-01-24,-2.3601153457680626,14.046099290780141,1128
2022-01-25,-1.8358732796776782,16.447603574329815,1231
2022-01-26,-1.8303617049321133,9.615384615384615,1274
2022-01-27,-1.3589456337267178,10.886437908496733,1224
2022-01-28,-1.8290499061851657,12.507281553398059,1236
2022-01-29,-2.1541785994046685,13.998466257668712,652
2022-01-30,-1.7042111108440745,8.934911242603551,507
2022-01-31,-1.8920820835328929,13.343683083511777,934
2022-02-01,-2.0077301952437154,11.817423540315106,1079
2022-02-02,-2.0466033719659174,11.381665107577176,1069
2022-02-03,-1.4492621351729749,12.17687074829932,1029
2022-02-04,-1.7771400733441043,9.76056338028169,994
2022-02-05,-2.23525166823985,16.985691573926868,629
2022-02-06,-1.782634896463012,13.739344262295083,610
2022-02-07,-1.5961508243125189,11.346596858638744,955
2022-02-08,-1.8367409041129252,10.746047430830039,1012
2022-02-09,-1.5579864709127604,10.11402789171452,1219
2022-02-10,-1.6246657916869405,9.533509700176367,1134
2022-02-11,-1.770183963077363,11.949282296650718,1045
2022-02-12,-2.1625295953036088,27.952510176390774,737
2022-02-13,-2.0388163494467646,12.464516129032258,620
2022-02-14,-1.9382380046396712,13.343092406221409,1093
2022-02-15,-1.9123425427969898,12.299622641509433,1325
2022-02-16,-2.0208189807878263,9.805664830841858,1271
2022-02-17,-1.8418771238762923,11.245398773006135,1304
2022-02-18,-2.0786999548981697,11.146606334841628,1105
2022-02-19,-2.3305442596138564,12.556135770234986,766
2022-02-20,-1.9631911567761613,11.066985645933014,627
2022-02-21,-2.125731359870698,12.825051759834368,966
2022-02-22,-2.2573607307059103,17.07057057057057,1332
2022-02-23,-2.5119960709652926,16.654893303899925,1359
2022-02-24,-2.566290462369713,14.772984441301274,1414
2022-02-25,-2.3142625091708,18.663181478715458,1339
2022-02-26,-2.1805043306898297,13.608591885441527,838
2022-02-27,-2.0133973442961053,12.225854383358097,673
2022-02-28,-1.9889950357166268,11.56835769561479,1163
2022-03-01,-1.941874560926168,10.25621703089676,1327
2022-03-02,-2.118127764181647,13.041471048513301,1278
2022-03-03,-2.2098114179173147,18.49924924924925,1332
2022-03-04,-2.1241721294779223,10.004441154700222,1351
2022-03-05,-2.6023539998557914,15.89264173703257,829
2022-03-06,-2.4058147722480707,19.16501240694789,806
2022-03-07,-2.3305119942778822,13.91875,1280
2022-03-08,-2.1520418165027517,14.957725947521865,1372
2022-03-09,-1.9917629960460836,13.194702934860414,1397
2022-03-10,-2.0102264919218764,14.308103975535168,1308
2022-03-11,-1.9647873369070554,9.175585284280936,1196
2022-03-12,-2.118338004998369,17.743918053777207,781
2022-03-13,-2.250646835665518,10.762308998302208,589
2022-03-14,-1.9578427422335714,11.663066954643629,926
2022-03-15,-1.9957649514143323,10.73873873873874,1110
2022-03-16,-1.6833154223771487,12.424757281553399,1236
2022-03-17,-2.0101024199851008,22.77787610619469,1130
2022-03-18,-1.9778723760120394,15.886025768087215,1009
2022-03-19,-2.1337022170329543,11.491044776119402,670
2022-03-20,-1.6893808381363415,15.110647181628392,479
2022-03-21,-1.5282772390034107,12.356164383561644,949
2022-03-22,-1.8586131071289882,9.341864716636197,1094
2022-03-23,-1.8237684847145814,13.853951890034365,1164
2022-03-24,-1.981226671878648,11.660332541567696,1263
2022-03-25,-2.07473327157044,12.927888792354475,1151
2022-03-26,-2.296133527263026,16.096418732782368,726
2022-03-27,-1.739468742277367,10.87192118226601,609
2022-03-28,-1.7637114116440922,13.983453981385729,967
2022-03-29,-1.8464222732277549,13.247903075489283,1073
2022-03-30,-1.8932470687551552,13.598754448398576,1124
2022-03-31,-1.9898178105300672,11.186318631863186,1111
2022-04-01,-1.9686211633373676,14.29367327667611,1059
2022-04-02,-2.31106438009951,16.835365853658537,656
2022-04-03,-1.9397036907838114,20.89958158995816,717
2022-04-04,0.0,0.0,0
2022-04-05,-2.2243422143307496,12.16890756302521,1190
2022-04-06,-1.681832045110911,10.049792531120332,1205
2022-04-07,-1.871714514943574,8.957711442786069,1206
2022-04-08,-1.974684849768376,10.275,1120
2022-04-09,-1.895855050397484,11.14866979655712,639
2022-04-10,-1.7308368891439447,14.652027027027026,592
2022-04-11,-1.9690070642338864,11.34,1050
2022-04-12,-1.9606492931908461,10.305457746478874,1136
2022-04-13,0.0,0.0,0
2022-04-14,-1.7362093799401392,10.743111831442464,1234
2022-04-15,-2.0103975843368214,10.688963210702342,897
2022-04-16,-2.6078941175409236,12.475961538461538,624
2022-04-17,-2.323394123467115,15.467532467532468,539
2022-04-18,-1.9019251191161601,12.938347718865598,811
2022-04-19,-2.0269754020559145,10.625946969696969,1056
2022-04-20,-1.7430449473637841,13.983005366726298,1118
2022-04-21,-1.6157106253408329,12.022988505747126,1044
2022-04-22,-1.5421846658489975,12.151711378353376,1081
2022-04-23,-1.8187198590547813,12.222222222222221,585
2022-04-24,-1.4567276923168713,24.64304461942257,762
2022-04-25,-1.4646823898719783,15.654488517745303,958
2022-04-26,-0.7082025593238988,13.321009918845807,1109
2022-04-27,0.0,0.0,0
2022-04-28,-1.674327346830615,11.041964285714286,1120
2022-04-29,-1.9475705949709714,12.398849472674977,1043
2022-04-30,-1.7405998459986585,16.91282894736842,608
2022-05-01,-1.3989121858779363,18.733962264150943,530
2022-05-02,-2.1196346865349636,10.895553257497415,967
2022-05-03,-2.0232374281744723,13.193877551020408,1176
2022-05-04,-1.908598553342243,11.68515205724508,1118
2022-05-05,-1.5356201984452318,12.927406199021208,1226
2022-05-06,-1.739350410011278,9.587476979742172,1086
2022-05-07,-1.796181992978493,12.336134453781513,714
2022-05-08,-1.9733763933771176,11.640384615384615,520
2022-05-09,-1.742315125979706,13.359519408502774,1082
2022-05-10,-1.6490469010953415,12.388120423108218,1229
2022-05-11,-1.9005600616039144,11.542284866468842,1348
2022-05-12,-2.0707802839596665,14.8152260111023,1261
2022-05-13,-1.7920253564302004,19.857644991212652,1138
2022-05-14,-1.9066179082780281,21.07046476761619,667
2022-05-15,-1.9172060790885423,18.503714710252602,673
2022-05-16,-2.0310429561344403,12.534121929026387,1099
2022-05-17,-1.813578674511544,13.884705882352941,1275
2022-05-18,-1.6033252835717422,16.321162444113263,1342
2022-05-19,-1.7947341205910272,12.773017319963538,1097
2022-05-20,-1.5339488176230642,11.411111111111111,1080
2022-05-21,-1.3599092022611292,15.626005361930295,746
2022-05-22,-1.7918997704037678,15.442776735459661,533
2022-05-23,-1.496410983942642,13.009183673469387,980
2022-05-24,-1.7399332558478846,13.163547599674532,1229
2022-05-25,-1.8459321027572957,10.217748562037798,1217
2022-05-26,-1.765096073692311,10.417014178482068,1199
2022-05-27,-2.129989812056793,12.917917917917919,999
2022-05-28,-1.7350276135828302,11.883928571428571,672
2022-05-29,-1.801916745682015,11.289617486338798,549
2022-05-30,-1.7189994714523715,12.710858585858587,792
2022-05-31,-1.7149112288753323,14.552608311229001,1131
2022-06-01,-1.6654348207629384,10.952961672473867,1148
2022-06-02,-1.281252529587386,11.870803662258393,983
2022-06-03,-1.4372771311770258,11.03014553014553,962
2022-06-04,-1.6442441090179156,11.161100196463654,509
2022-06-05,-1.3386335731294543,15.01937984496124,516
2022-06-06,-1.196170864168439,9.675862068965516,870
2022-06-07,-1.2024286167306226,9.64061096136568,1113
2022-06-08,-1.6415804818867261,11.473639455782314,1176
2022-06-09,-1.93717969281882,9.387713997985902,993
2022-06-10,-1.8355586737258796,8.861339600470036,851
2022-06-11,-1.308473575736858,10.825301204819278,498
2022-06-12,-1.212764291603058,15.094,500
2022-06-13,-1.6272188587272398,11.902696365767879,853
2022-06-14,-1.6874591227718339,9.44093023255814,1075
2022-06-15,-1.3990452894766277,13.126510878323932,1241
2022-06-16,-1.887220948604684,13.380656610470275,1127
2022-06-17,-1.6999423893742276,14.426640926640927,1036
2022-06-18,-1.4097311987185321,9.989708404802744,583
2022-06-19,-1.206724225407899,14.05226480836237,574
2022-06-20,-1.0986600179036008,13.158986175115208,868
2022-06-21,-1.570666352936152,11.992798353909466,972
2022-06-22,-1.619433492761197,11.228187919463087,1043
2022-06-23,-1.7753459840919634,9.803071364046973,1107
2022-06-24,-1.7254138358075801,20.001782531194294,1122
2022-06-25,-2.086998559617347,12.367883211678832,685
2022-06-26,-1.51301140633627,9.119373776908024,511
2022-06-27,-1.7207706959950202,13.649087221095336,986
2022-06-28,-1.920815365578237,11.297729184188393,1189
2022-06-29,-1.4897840893470713,11.745315161839864,1174
2022-06-30,-1.622729307826362,8.98,1100
2022-07-01,-1.819839209749736,10.659760087241004,917
2022-07-02,-1.9882711485138918,15.239242685025818,581
2022-07-03,-2.2680301122138897,15.95021645021645,462
2022-07-04,-1.5408711719232075,8.713715046604527,751
2022-07-05,-1.59222279429776,14.811576354679802,812
2022-07-06,-1.5186881223325155,11.796359499431171,879
2022-07-07,-1.5764398083964597,10.57918552036199,884
2022-07-08,-2.11408586496581,12.904601571268238,891
2022-07-09,-1.9342095165857316,11.020366598778004,491
2022-07-10,-1.7600298514905945,15.92184368737475,499
2022-07-11,-1.482841257869361,14.150252525252526,792
2022-07-12,-1.675893580264415,10.15417106652587,947
2022-07-13,-1.5174850537712707,11.284735812133073,1022
2022-07-14,-1.6743132115389243,11.923618090452262,995
2022-07-15,-1.868830341884004,11.06060606060606,924
2022-07-16,-1.7271420503674342,8.22380106571936,563
2022-07-17,-1.4711153900370473,16.705179282868524,502
2022-07-18,-1.4828731653126774,13.485561497326204,935
2022-07-19,-1.8214441782840725,9.687438180019782,1011
2022-07-20,-1.4815043513421224,11.148445336008024,997
2022-07-21,-1.4360229107515752,12.28415300546448,915
2022-07-22,-2.2892632327763245,14.869374313940725,911
2022-07-23,-2.232851663906676,9.239388794567063,589
2022-07-24,-2.0211421978677877,7.924939467312349,413
2022-07-25,-1.7846242235935066,12.190954773869347,796
2022-07-26,-1.5100876491873036,9.609582059123344,981
2022-07-27,-1.5509820351003036,11.19073275862069,928
2022-07-28,-1.703531842651948,11.012757605495583,1019
2022-07-29,0.0,0.0,0
2022-07-30,-1.9357484276861936,13.697813121272366,503
2022-07-31,-1.9642386619201782,16.08641975308642,486
2022-08-01,-1.5919288180992837,14.30593607305936,876
2022-08-02,-1.7078264393001716,11.678294573643411,1032
2022-08-03,-1.666737764034303,11.754874651810585,1077
2022-08-04,-1.8144443652366606,10.885480572597137,978
2022-08-05,-2.093741834086618,9.783233532934132,835
2022-08-06,-1.953243678562597,10.85945945945946,555
2022-08-07,-2.0373322958079028,8.60506329113924,395
2022-08-08,-1.9758717779918367,13.34106412005457,733
2022-08-09,-1.4555267836260497,12.07107107107107,999
2022-08-10,-1.4143380846261402,14.511794871794871,975
2022-08-11,-1.6059684265508865,9.830429732868756,861
2022-08-12,-1.3463632524210256,10.541044776119403,804
2022-08-13,-1.7798971994737947,11.176829268292684,492
2022-08-14,-1.5230377095831578,10.182266009852217,406
2022-08-15,-1.2158964228288622,10.170370370370371,675
2022-08-16,-1.472766310821219,13.286057692307692,832
2022-08-17,-1.8317720615907744,10.620044052863436,908
2022-08-18,-1.5784159907982318,14.288913773796192,893
2022-08-19,-1.9118851720600958,10.037698412698413,1008
2022-08-20,-1.9323755726938907,8.08795411089866,523
2022-08-21,-1.7663860325446405,13.018789144050105,479
2022-08-22,-1.213860575501421,10.029378531073446,885
2022-08-23,-1.6784264981072057,12.328343313373253,1002
2022-08-24,-1.5770999880847265,12.10907335907336,1036
2022-08-25,-1.9022082552555784,15.696551724137931,870
2022-08-26,-1.842839818281439,11.67502850627138,877
2022-08-27,-1.9856748476857995,10.225053078556263,471
2022-08-28,-1.6935122494745731,9.25897435897436,390
2022-08-29,-1.3447266398977853,9.252584933530281,677
2022-08-30,-1.9574354671406968,8.176626826029217,753
2022-08-31,-1.4699305788965626,14.041836734693877,980
2022-09-01,-1.6464663623210507,14.387878787878789,825
2022-09-02,-1.873312980138733,10.824372759856631,837
2022-09-03,-2.1887207426605864,8.265882352941176,425
2022-09-04,-1.7196350830856206,13.959910913140313,449
2022-09-05,-1.5326603302154702,10.728085867620752,559
2022-09-06,-1.537248326612745,11.689820359281438,835
2022-09-07,-1.5181825909159372,8.90301724137931,928
2022-09-08,-1.4122851249929136,9.765460910151692,857
2022-09-09,-1.4715815661563076,10.550344827586207,725
2022-09-10,-1.7313773890307955,11.642533936651583,442
2022-09-11,-1.3061470918570321,10.443609022556391,399
2022-09-12,-1.291887593571712,14.217218543046357,755
2022-09-13,-1.33875671309897,9.833930704898448,837
2022-09-14,-1.6258918600049694,10.341830822711472,863
2022-09-15,-1.3743625493019365,11.56503642039542,961
2022-09-16,-1.379164132899674,8.958283671036948,839
2022-09-17,-1.3176706573262602,14.29735234215886,491
2022-09-18,-1.6525337643050069,8.12860310421286,451
2022-09-19,-1.6697999849642446,17.884615384615383,780
2022-09-20,-1.4632015777885325,9.997931747673217,967
2022-09-21,-1.7102360568285886,9.744502617801047,955
2022-09-22,-1.6375150364316566,9.727784026996625,889
2022-09-23,-1.9422932908640056,15.081865284974093,965
2022-09-24,-2.006183856160945,11.774834437086092,604
2022-09-25,-1.4649118491303839,9.96734693877551,490
2022-09-26,-1.6764560517605922,10.897277227722773,808
2022-09-27,-2.555152580597274,11.640037593984962,1064
2022-09-28,-2.001850719026418,11.887630662020905,1148
2022-09-29,-2.2188337192768692,11.693817468105987,1019
2022-09-30,-2.0309982896374534,10.970103092783505,970
2022-10-01,-2.1993522652291815,15.720430107526882,651
2022-10-02,-1.6816982828849845,10.523012552301255,478
2022-10-03,-1.7373586456337764,9.523399014778326,812
2022-10-04,-1.9290322114337697,10.538156590683846,1009
2022-10-05,-1.8319859783200505,10.346191889218595,1011
2022-10-06,-2.077840693853592,11.186553030303031,1056
2022-10-07,-1.813797895614001,9.965719882468168,1021
2022-10-08,-1.5775278281863097,8.281004709576138,637
2022-10-09,0.0,0.0,0
2022-10-10,-1.6064790317844353,10.416337285902504,759
2022-10-11,-1.7904202533795452,11.79251012145749,988
2022-10-12,-1.7678170927768624,14.555451127819548,1064
2022-10-13,-1.9475701710992854,8.292572463768115,1104
2022-10-14,-1.731998805969415,9.093096234309623,956
2022-10-15,-1.492946096898433,8.493891797556719,573
2022-10-16,-1.267560094028884,12.35857461024499,449
2022-10-17,-0.9799827292658121,8.657519209659714,911
2022-10-18,-1.5040678075815055,10.167502507522567,997
2022-10-19,-1.5245678387155288,8.44047619047619,1176
2022-10-20,-1.6656351116511474,13.514360313315926,1149
2022-10-21,-1.8817397476607622,12.025139664804469,1074
2022-10-22,0.0,0.0,0
2022-10-23,-2.0227230741478515,10.41358024691358,486
2022-10-24,-1.7110102977401767,10.04824120603015,995
2022-10-25,-1.2822255162429783,11.715533980582524,1030
2022-10-26,-1.675905576555547,11.431952662721894,1183
2022-10-27,0.0,0.0,0
2022-10-28,-1.4076610598524628,9.472882968601333,1051
2022-10-29,-1.7239468636140416,8.3922942206655,571
2022-10-30,-1.4477251645867526,17.854237288135593,590
2022-10-31,-1.7085029052936984,9.614668218859139,859
2022-11-01,-1.21257662074341,10.212633451957295,1124
2022-11-02,-1.6601201532438852,15.783142389525368,1222
2022-11-03,-1.3809313183366188,10.4664,1250
2022-11-04,-1.4194553123434437,13.398132427843803,1178
2022-11-05,-1.6080821184420635,18.129032258064516,775
2022-11-06,-1.3977205671732504,11.90677966101695,590
2022-11-07,-1.3641067374692382,11.314523589269195,1081
2022-11-08,-1.128478959951838,14.149550402271652,2113
2022-11-09,-0.8843225084829256,10.30765306122449,1960
2022-11-11,-1.7988944431050171,6.661654135338346,399
2022-11-12,-1.0491446754890055,9.844155844155845,693
2022-11-13,-0.9840756508291576,11.895008605851979,581
2022-11-14,-1.0859685856042387,8.774193548387096,744
2022-11-15,-1.6033446688367543,9.707414829659319,998
2022-11-16,-1.2955393809987432,12.738841405508072,1053
2022-11-17,-1.176556238160158,10.6059670781893,972
2022-11-18,-1.6044671159714659,9.453677172874881,1047
2022-11-19,-1.4274896844196583,10.827938671209541,587
2022-11-20,-1.4585489295446756,8.574817518248175,548
2022-11-21,-1.1044178717708688,8.481843575418994,716
2022-11-22,-1.5017815295045032,10.147887323943662,852
2022-11-23,-1.4506584183524638,10.555791710945803,941
2022-11-24,-1.9097219915252093,8.809139784946236,744
2022-11-25,-1.514875888393663,9.349436392914654,621
2022-11-26,-1.2308795332727227,18.159904534606206,419
2022-11-27,-1.0713729670191006,12.965174129353233,402
2022-11-28,-1.5809938488844921,9.381864623243933,783
2022-11-29,-1.3648684422839392,13.694331983805668,988
2022-11-30,-1.134809026696837,12.623740201567749,893
2022-12-01,-1.455304104213392,15.718846549948507,971
2022-12-02,-1.7311167443000477,12.953374233128834,815
2022-12-03,-1.485036464948976,12.308285163776493,519
2022-12-04,-1.339044806206586,9.088477366255145,486
2022-12-05,-1.4807006562436944,9.644935972060535,859
2022-12-06,-1.5348790572460178,11.591907514450867,865
2022-12-07,-1.3331362130703115,11.490663900414937,964
2022-12-08,-1.8322022649346323,12.663366336633663,1010
2022-12-09,-1.6255092216643396,13.733333333333333,825
2022-12-10,-1.9246290778583461,29.429501084598698,461
2022-12-11,-1.8665971323755512,13.981481481481481,486
2022-12-12,0.0,0.0,0
2022-12-13,-1.509302863659456,10.230858468677495,862
2022-12-14,-1.535103866515244,11.138238573021182,897
2022-12-15,-1.8674637507999141,10.247167868177137,971
2022-12-16,-2.119534254613178,11.099062918340026,747
2022-12-17,-2.1321943147422835,19.61625708884688,529
2022-12-18,-1.9644944388234784,17.41356673960613,457
2022-12-19,-1.7660836110961402,9.965893587994543,733
2022-12-20,-2.1164087219076637,9.79772439949431,791
2022-12-21,-1.975394532615792,11.366925064599483,774
2022-12-22,-1.3995905905726622,12.830056179775282,712
2022-12-23,-1.7727095542700881,10.60968660968661,702
2022-12-24,-1.935194298318626,17.009174311926607,327
2022-12-25,-1.8513874270321649,8.61847389558233,249
2022-12-26,-1.153035313245283,7.3895348837209305,344
2022-12-27,-1.9631192265072688,13.964360587002096,477
2022-12-28,-1.8055740348599432,9.367753623188406,552
2022-12-29,-1.653676746649629,10.069271758436946,563
2022-12-30,-1.8361103856004333,11.761044176706827,498
2022-12-31,-1.9804146198714143,9.752525252525253,396
2023-01-01,-1.4798353385579979,17.130434782608695,299
2023-01-02,-1.313704158543603,8.637362637362637,455
2023-01-03,-1.9106401426650739,8.955862068965518,725
2023-01-04,-1.680982936107482,10.00268817204301,744
2023-01-05,-1.5281107306493158,10.679123711340207,776
2023-01-06,-1.978779935611963,18.026573426573428,715
2023-01-07,-1.7542277174791754,14.084507042253522,426
2023-01-08,-1.827207942862015,6.332214765100671,298
2023-01-09,-1.4441828106530354,10.760522496371554,689
2023-01-10,-1.6005875739556907,13.746928746928747,814
2023-01-11,-1.4880832389190457,11.083732057416269,836
2023-01-12,-1.2883919547874134,9.283870967741935,930
2023-01-13,-1.620962602404974,11.151965993623804,941
2023-01-14,-1.4675540824839666,11.29757085020243,494
2023-01-15,-1.6785950698382301,9.075688073394495,436
2023-01-16,-1.5028658757658238,9.80184331797235,651
2023-01-17,-1.1708192122818202,11.302570093457945,856
2023-01-18,-1.3851961786048999,9.476470588235294,1020
2023-01-19,-1.5386133693909243,10.78494623655914,930
2023-01-20,-1.7681151004865836,11.733408323959505,889
2023-01-21,-1.6596711244655784,10.829896907216495,582
2023-01-22,-1.7043358517972675,13.51764705882353,510
2023-01-23,-1.987974196057714,9.848180677540778,797
2023-01-24,-2.033073843511011,11.758465011286681,886
2023-01-25,-1.8327483462883025,9.820136852394917,1023
2023-01-26,-1.6738999279913136,10.247557003257329,921
2023-01-27,-1.881967225341471,10.609322974472809,901
2023-01-28,-1.5281670208059088,8.35483870967742,589
2023-01-29,-1.589585939678647,8.558724832214764,596
2023-01-30,-1.9053260081105028,10.28896103896104,924
2023-01-31,-1.8879514401540751,9.719298245614034,912
2023-02-01,-1.7703885916068154,9.592050209205022,956
2023-02-02,-1.5435210637578227,12.317226890756302,952
2023-02-03,-1.6656370119381632,12.770012706480305,787
2023-02-04,-1.8194636045651738,11.374545454545455,550
2023-02-05,-1.2549718506535001,13.88888888888889,405
2023-02-06,-1.222123804063514,7.80719794344473,778
2023-02-07,-1.4568956807600573,8.842615012106538,826
2023-02-08,-1.637003155188155,9.122850122850123,814
2023-02-09,-1.3770407542582501,11.473084886128364,966
2023-02-10,-1.634357799846823,10.395454545454545,880
2023-02-11,-1.6305757916499506,9.001945525291829,514
2023-02-12,-1.290807651052048,9.387362637362637,364
2023-02-13,-1.5062575528980755,12.816747572815533,824
2023-02-14,-1.501034012019957,9.38074398249453,914
2023-02-15,-1.5702915221845528,8.84225621414914,1046
2023-02-16,-1.6782505240284002,12.38422131147541,976
2023-02-17,-1.2932245321099243,11.420770877944326,934
2023-02-18,-1.6894637336259442,11.590443686006825,586
2023-02-19,-1.4431708821555531,13.662361623616237,542
2023-02-20,-1.6669098695450142,11.773030707610147,749
2023-02-21,-1.7607314537521894,11.873180873180873,962
2023-02-22,-1.621526582162322,12.104068117313151,1057
2023-02-23,-1.907973323381605,14.26954732510288,972
2023-02-24,-1.7395158135687703,10.198630136986301,1022
2023-02-25,-1.4924320970371965,9.178571428571429,700
2023-02-26,-1.656471826198313,11.766990291262136,515
2023-02-27,-1.2301809492545237,11.764032073310425,873
2023-02-28,-1.655933299896749,13.637185929648242,995
2023-03-01,-1.5545502792936936,8.602649006622517,906
2023-03-02,-1.930533891976715,11.677172874880611,1047
2023-03-03,-2.19506477189117,12.132352941176471,1020
2023-03-04,-1.2906304193108145,11.28976377952756,635
2023-03-05,-1.0234845306536717,13.449244060475163,463
2023-03-06,-1.3227634515835354,9.264242424242424,825
2023-03-07,-2.07952172155559,13.633928571428571,896
2023-03-08,-1.6556238310754938,9.837158469945356,915
2023-03-09,-1.6348571191174845,11.524109014675052,954
2023-03-10,-1.7381620439721925,10.98689384010485,763
2023-03-11,-1.9413168212836254,16.155642023346303,514
2023-03-12,-1.7352386668786646,9.69111111111111,450
2023-03-13,-1.9881973197650757,15.229885057471265,783
2023-03-14,-1.943003927040144,15.470149253731343,938
2023-03-15,-1.6111431875127717,10.425695110258868,1043
2023-03-16,-1.6337856031481095,9.101825168107588,1041
2023-03-17,-1.6897407774357178,11.874855156431055,863
2023-03-18,-1.5471330833285788,11.011851851851851,675
2023-03-19,-1.5504588840312303,20.797734627831716,618
2023-03-20,-1.5431375497422797,10.659976387249115,847
2023-03-21,-1.6696980624842361,16.28423236514523,964
2023-03-22,0.0,0.0,0
2023-03-24,-1.964729259796159,14.083183722321962,1671
2023-03-25,-1.6129049250952396,10.152817574021013,1047
2023-03-26,-1.7525578129045232,15.128062360801781,898
2023-03-27,-1.681919809295089,15.707857142857144,1400
2023-03-28,0.0,0.0,0
2023-03-29,-1.3437904414041941,10.211392405063291,1580
2023-03-30,-1.7668074752431462,11.339864355689524,1327
2023-03-31,-1.809313807879251,12.17251051893408,1426
2023-04-01,-1.4710470711517492,10.186507936507937,756
2023-04-02,-1.4809011769640001,15.882352941176471,697
2023-04-03,-1.3121034839918142,14.255794701986755,1208
2023-04-04,-1.612892088617635,13.680939226519337,1448
2023-04-05,-1.4314238956765832,13.3016077170418,1555
2023-04-06,-1.565608861710415,10.888972809667674,1324
2023-04-07,-1.3535436660955484,13.039787798408488,1131
2023-04-08,-1.6240478497313728,17.235836627140976,759
2023-04-09,-1.2483364761699678,12.384116693679092,617
2023-04-10,-1.6731601107959913,12.213552361396303,974
2023-04-11,-1.6915136170432832,11.551959114139693,1174
2023-04-12,0.0,0.0,0
2023-04-13,-1.6870075281840253,14.82665695557174,1373
2023-04-14,-1.432630455224896,12.327586206896552,1276
2023-04-15,-1.3999733716211131,10.721662468513854,794
2023-04-16,-1.4528756556774796,11.17007874015748,635
2023-04-17,-1.7535696604552315,9.06958762886598,1164
2023-04-18,-1.2766393993613672,15.026676829268293,1312
2023-04-19,-1.5780203243123423,13.22975929978118,1371
2023-04-20,-1.4391102333184163,13.758457907159716,1271
2023-04-21,-1.8728960033890012,15.736970684039088,1228
2023-04-22,-1.327936419843091,23.29886506935687,793
2023-04-23,-1.8191330314486152,23.636363636363637,594
2023-04-24,-1.5712665282991547,12.202690582959642,1115
2023-04-25,-1.6583591931570298,11.209249431387414,1319
2023-04-26,-1.9554713735305032,12.432017543859649,1368
2023-04-27,-1.6609667121029132,13.376605814739689,1479
2023-04-28,-1.5437854374329516,13.580073800738008,1355
2023-04-29,0.0,0.0,0
2023-04-30,0.0,0.0,0
2023-05-01,-1.3787844844748862,18.470260223048328,1076
2023-05-02,-1.544800925356071,13.089216944801027,1558
2023-05-03,-1.8211451886033774,13.854210898796886,1413
2023-05-04,-1.5365136289817634,17.610733695652176,1472
2023-05-05,-1.6021364874509978,11.972326103216156,1337
2023-05-06,-1.3832789317560332,10.064220183486238,763
2023-05-07,-1.4484528993328856,13.222882615156017,673
2023-05-08,-1.5221452711900292,13.441881918819188,1084
2023-05-09,-1.7142880623259549,11.133630289532293,1347
2023-05-10,-1.6694266490471446,15.801853171774768,1403
2023-05-11,-1.6598273595049031,12.314842578710644,1334
2023-05-12,-1.5700722536797351,17.569279493269992,1263
2023-05-13,-1.6413729825832954,11.157046979865772,745
2023-05-14,-0.9559678931234408,19.57725587144623,809
2023-05-15,-1.1111802607074623,15.587076438140269,1269
2023-05-16,-1.4643579540902345,12.760084925690022,1413
2023-05-17,-1.3623249818731622,15.74293405114401,1486
2023-05-18,-1.71643071575007,14.54364471669219,1306
2023-05-19,-1.4643933963792601,12.5576,1250
2023-05-20,-1.2119770544942017,13.723156532988357,773
2023-05-21,-1.1555170954433878,12.271472392638037,652
2023-05-22,-1.0359895637687289,11.545,1200
2023-05-23,-1.2849269952766977,11.186985172981878,1214
2023-05-24,-1.4858746260510103,11.781635802469136,1296
2023-05-25,-1.519846014223115,11.132600732600732,1365
2023-05-26,-1.9328797359612242,12.005862646566165,1194
2023-05-27,-1.9567163622067574,11.918803418803419,702
2023-05-28,-0.9515489636268047,18.055714285714284,700
2023-05-29,-1.0030903042665933,10.09594882729211,938
2023-05-30,-1.6368316817128918,12.07235142118863,1161
2023-05-31,-1.5808590187354612,13.629104477611941,1340
2023-06-01,-1.7526675282408917,14.2774343122102,1294
2023-06-02,-1.357431600997044,12.305101058710298,1039
2023-06-03,-1.635135231920076,9.342688330871493,677
2023-06-04,-0.8867630579961444,11.680921052631579,608
2023-06-05,-1.2953717078431835,9.571428571428571,1085
2023-06-06,-1.84576160754315,10.015026296018032,1331
2023-06-07,-1.7805223192104727,12.524292965917331,1379
2023-06-08,-1.442301120999175,10.188636363636364,1320
2023-06-09,-1.379622942644063,18.556962025316455,1185
2023-06-10,-1.6566497426736015,11.555873925501432,698
2023-06-11,-1.6108532921089518,12.016666666666667,600
2023-06-12,-1.3480745204544198,10.01839303000968,1033
2023-06-13,-1.57029148065414,9.915456874466269,1171
2023-06-14,-1.4814746326847719,9.90315142198309,1301
2023-06-15,-1.9740621066403905,12.803656597774244,1258
2023-06-16,-1.623606256450775,13.902398676592226,1209
2023-06-17,-1.7525980628421782,13.63109756097561,656
2023-06-18,-1.4942255549509535,19.091549295774648,568
2023-06-19,-1.2067364039100388,11.578091106290673,922
2023-06-20,-1.6706080239865229,12.606683804627249,1167
2023-06-21,-1.2061718120236002,14.909810126582279,1264
2023-06-22,-1.4124335491907882,11.735775526110679,1283
2023-06-23,-1.5226192730110348,10.832142857142857,1120
2023-06-24,-1.9665640523392705,13.83736559139785,744
2023-06-25,-1.2141747554571678,15.239864864864865,592
2023-06-26,-1.6925624409917204,12.536630036630036,1092
2023-06-27,-1.6213651761465377,12.666367713004485,1115
2023-06-28,-1.557264778029266,10.323529411764707,1088
2023-06-29,0.0,0.0,0
2023-06-30,-1.5530143780820376,12.523925385239254,1233
2023-07-01,-1.652442956353383,12.40060698027314,659
2023-07-02,-1.5457997495665263,10.015841584158416,505
2023-07-03,-1.5225303316602605,12.858447488584474,876
2023-07-04,-1.4473886011339758,10.016018306636155,874
2023-07-05,-1.606144172216478,10.97509225092251,1084
2023-07-06,-1.3027880870903985,12.072639225181598,1239
2023-07-07,-1.640359702723766,11.0496632996633,1188
2023-07-08,-1.4292911759753357,16.89280868385346,737
2023-07-09,-1.2483450456411496,14.123364485981309,535
2023-07-10,-1.3530992407546278,12.21405750798722,939
2023-07-11,-1.5143424631595772,11.23563696919234,1201
2023-07-12,-1.2276452863402982,13.735640648011781,1358
2023-07-13,-1.6323362075368681,9.226966292134831,1335
2023-07-14,-1.5342142652797364,10.410516605166052,1084
2023-07-15,-1.558562420164828,13.405372405372406,819
2023-07-16,-1.6189179916718226,10.474683544303797,632
2023-07-17,-1.3510189728231927,10.386148007590133,1054
2023-07-18,-1.268707462269052,12.41296928327645,1172
2023-07-19,-1.7720418868369818,11.58052434456929,1335
2023-07-20,-1.8465815677212778,12.612834978843441,1418
2023-07-21,-2.092273175848427,13.962115232833465,1267
2023-07-22,-2.2253589949468924,13.392183288409704,742
2023-07-23,-1.6082936750621117,14.884561891515995,719
2023-07-24,-1.6196521105781747,13.265,1000
2023-07-25,-1.596233063569563,11.793832599118943,1135
2023-07-26,-1.7030040637435908,13.239388794567063,1178
2023-07-27,-1.6851671736046048,11.600829875518672,1205
2023-07-28,-1.4334068582398822,13.026192703461179,1069
2023-07-29,0.0,0.0,0
2023-07-30,-1.7604874781205369,10.55056179775281,623
2023-07-31,-1.7037952027975924,12.330168776371307,948
2023-08-01,-1.74833492714674,16.469827586206897,1160
2023-08-02,0.0,0.0,0
2023-08-03,-2.0395419400543675,9.6522462562396,1202
2023-08-04,-1.753580697847837,13.188592456301748,1087
2023-08-05,-2.0072536015597047,10.408408408408409,666
2023-08-06,-1.7587092844625352,9.052991452991453,585
2023-08-07,-1.8117054620766613,10.511150758251562,1121
2023-08-08,-1.5925484169277608,12.064957264957265,1170
2023-08-09,-1.401959548821939,12.527799530148787,1277
2023-08-10,-1.6673550399220252,11.762280701754387,1140
2023-08-11,-1.818131830538774,11.18860510805501,1018
2023-08-12,-1.719260443680425,9.834522111269616,701
2023-08-13,-1.62698923307752,12.247833622183709,577
2023-08-14,-1.8224575492548514,10.96826923076923,1040
2023-08-15,-1.814828698876873,8.899624765478425,1066
2023-08-16,-1.4623788811807608,12.793577981651376,1090
2023-08-17,-1.8330712852207178,13.773148148148149,1080
2023-08-18,-1.7056947399805507,14.041964285714286,1120
2023-08-19,-1.3766763465601308,18.971098265895954,692
2023-08-20,-1.7842785391995406,12.382660687593424,669
2023-08-21,-1.6310806327173037,17.389505549949547,991
2023-08-22,-1.9785790606890834,10.109777015437393,1166
2023-08-23,-1.6301925172920766,11.486671744097487,1313
2023-08-24,-1.8571028102552534,14.168195718654435,1308
2023-08-25,0.0,0.0,0
2023-08-26,-1.7523593418068055,15.979885057471265,696
2023-08-27,-1.360387243349452,13.453068592057761,554
2023-08-28,-1.7762647960549076,12.028254288597376,991
2023-08-29,-1.3705626718687096,10.15,1140
2023-08-30,-1.6692701049933878,12.281305114638448,1134
2023-08-31,-1.8377508559976985,12.774193548387096,1085
2023-09-01,-1.4862576047300022,12.944444444444445,1116
2023-09-02,-1.3516820038280941,12.392426850258175,581
2023-09-03,-1.5313319722335452,10.620309050772628,453
2023-09-04,-1.2983760833377624,12.614849187935034,862
2023-09-05,-1.1833577370195023,11.624461670973298,1161
2023-09-06,-1.4191551405516423,10.897605284888522,1211
2023-09-07,-1.5371265537232826,12.307934014139827,1273
2023-09-08,-1.4269722376732064,12.421774931381519,1093
2023-09-09,-1.435748587841137,12.014925373134329,670
2023-09-10,-0.9912484510745927,14.325744308231174,571
2023-09-11,-1.3484476299042587,11.415338645418327,1004
2023-09-12,-1.4275636693417575,9.795934323690384,1279
2023-09-13,-1.5226983674903973,12.941624365482234,1182
2023-09-14,-1.1942772876818266,10.867263843648209,1228
2023-09-15,-1.5918565067267791,10.171019376579613,1187
2023-09-16,-1.7502236168905736,16.08174386920981,734
2023-09-17,-0.9500574808340865,14.361209964412812,562
2023-09-18,-1.2382826717800974,10.582933844678811,1043
2023-09-19,-1.5975666909996378,10.888479262672812,1085
2023-09-20,-1.702088245518865,12.091891891891892,1295
2023-09-21,-1.0620351029262125,12.813622754491018,1336
2023-09-22,-1.2875293914968777,10.754445385266724,1181
2023-09-23,-1.3779774132288867,12.707317073170731,738
2023-09-24,-0.8123519590486163,11.590017825311943,561
2023-09-25,-1.0187594527111457,10.612371134020618,970
2023-09-26,-1.1252749030889226,11.371428571428572,1155
2023-09-27,-1.1207264575104736,9.986842105263158,1140
2023-09-28,-1.2302022788982225,12.788804071246819,1179
2023-09-29,-1.5557682861232887,12.92997438087105,1171
2023-09-30,-1.6135619774743992,12.873655913978494,744
2023-10-01,-0.9137398762852561,15.643952299829643,587
2023-10-02,-1.0145221502930784,14.729508196721312,1098
2023-10-03,-1.1763615675682366,13.338222605694565,1159
2023-10-04,-1.56756832844918,12.824664429530202,1192
2023-10-05,-1.9842192691625484,12.394049346879536,1378
2023-10-06,-1.7687318086961588,13.139067524115756,1244
2023-10-07,-2.17301144759145,15.918881118881119,715
2023-10-08,-1.9474069075232145,10.124314442413162,547
2023-10-09,-1.6805684193990609,12.627224199288257,1124
2023-10-10,-1.994689004292325,12.751761942051683,1277
2023-10-11,-1.7801689167501362,12.974341192787795,1442
2023-10-12,-2.206843446933767,13.308833922261485,1415
2023-10-13,0.0,0.0,0
2023-10-14,-1.6527115375213868,20.721946375372394,1007
2023-10-15,-1.9775212686099286,18.056657223796034,706
2023-10-16,-1.6591203427618066,14.939256572982774,1103
2023-10-17,-1.6622009836088487,11.339920948616601,1265
2023-10-18,-1.929664133815539,11.76094510076442,1439
2023-10-19,-1.748067514973704,9.787491115849324,1407
2023-10-20,-1.8684690780278816,12.559268098647573,1257
2023-10-21,-1.5030414441266438,12.26605504587156,654
2023-10-22,-1.981049202210467,10.236797274275979,587
2023-10-23,-1.5736677731416506,9.887125220458554,1134
2023-10-24,0.0,0.0,0
2023-10-25,-1.6835643597943433,12.904361132364192,1307
2023-10-26,-1.4979418082823388,13.960374639769453,1388
2023-10-27,-1.5928625022810772,12.092348284960423,1137
2023-10-28,-1.5981621442143759,12.334782608695653,690
2023-10-29,-1.8401082223691405,8.703225806451613,620
2023-10-30,-1.835116873987592,12.16341030195382,1126
2023-10-31,-1.718472104044413,11.741129032258064,1240
2023-11-01,0.0,0.0,0
2023-11-02,-1.807113857139001,12.826183431952662,1352
2023-11-03,-1.7392599898188026,15.611363636363636,1320
2023-11-04,-1.4143188355106684,14.064118372379777,811
2023-11-05,-1.6649466581463188,11.061443932411674,651
2023-11-06,-1.4858019268600287,11.36,1250
2023-11-07,-1.3452621467986174,13.449388209121246,1798
2023-11-08,-1.386603940646402,13.048520710059172,1690
2023-11-09,-1.8923780214444352,11.962536023054755,1388
2023-11-10,-1.6723819317700737,10.789518174133558,1183
2023-11-11,-1.9325094739107702,12.122476446837148,743
2023-11-12,-1.5793991160937362,10.441176470588236,578
2023-11-13,-1.4296925262735707,14.312041884816754,955
2023-11-14,-1.7060447105496213,12.030508474576271,1180
2023-11-15,0.0,0.0,0
2023-11-16,-1.8657585608447498,11.285278413424866,1311
2023-11-17,-1.768731823259227,16.31825396825397,1260
2023-11-18,-1.6933543114602698,10.481536189069423,677
2023-11-19,-1.623125053244565,10.340344168260039,523
2023-11-20,-1.705116450915715,10.877272727272727,880
2023-11-21,-1.6949322832934302,12.325680272108844,1176
2023-11-22,-1.51622499424737,12.506024096385541,1162
2023-11-23,-1.6007463110256748,10.65625,896
2023-11-24,-1.7474839872365209,14.678618857901727,753
2023-11-25,0.0,0.0,0
2023-11-26,-1.0631850185941767,13.343173431734318,542
2023-11-27,-1.6200176028573519,9.342657342657343,858
2023-11-28,-1.7079006023855783,11.489583333333334,1152
2023-11-29,-1.3328470012257478,11.626050420168067,1190
2023-11-30,-1.4959837908146392,10.526495726495726,1170
2023-12-01,-1.6135293152359222,10.833018867924528,1060
2023-12-02,-1.3708194891438346,14.414125200642054,623
2023-12-03,0.0,0.0,0
2023-12-04,-1.907984368645945,15.037383177570094,1070
2023-12-05,-1.5129943678406013,11.973747016706444,1257
2023-12-06,-1.8549120514475683,11.613744075829384,1266
2023-12-07,-2.222638681232581,11.77888730385164,1402
2023-12-08,-2.0973103703993967,13.758051197357556,1211
2023-12-09,-1.9595727074662548,9.496143958868895,778
2023-12-10,-2.1257565904378084,15.03328509406657,691
2023-12-11,-2.034964922685331,11.017025089605735,1116
2023-12-12,-1.6807574519988295,11.104651162790697,1204
2023-12-13,-1.8973313913113687,16.613249776186212,1117
2023-12-14,-1.863218190168833,12.692960135708228,1179
2023-12-15,-2.1267797765298626,16.249149659863946,1176
2023-12-16,-2.083772059960925,15.215447154471544,738
2023-12-17,-2.0787240128465134,9.219554030874786,583
2023-12-18,0.0,0.0,0
2023-12-19,-1.8036301614047805,13.31367924528302,1272
2023-12-20,-1.7418470731678881,16.40675105485232,1185
2023-12-21,-2.249102594218406,13.555555555555555,1062
2023-12-22,-1.949983276404633,12.028070175438597,855
2023-12-23,-2.0698982625799887,16.20738137082601,569
2023-12-24,-1.9671039166308748,11.60058309037901,343
2023-12-25,-1.357751179186485,7.820638820638821,407
2023-12-26,-2.071583611898677,19.29143897996357,549
2023-12-27,-1.4753671243525048,10.647904191616766,835
2023-12-28,-2.3262641580784704,10.22429906542056,749
2023-12-29,-2.345266784016892,14.014925373134329,804
2023-12-30,-2.173975148400815,10.487889273356402,578
2023-12-31,-2.003997860952174,10.780788177339902,406
